Added Component: Designator=C1(C_0603)
Add component (AddParameter): Name = "Component Type"; Value = "Capacitor 0603"; VariantName = "[No Variations]"
Add component (AddParameter): Name = "ComponentLink1Description"; Value = "Datasheet"; VariantName = "[No Variations]"
Add component (AddParameter): Name = "ComponentLink1URL"; Value = "https://www.mouser.de/datasheet/2/40/C0GNP0_KGM-3216332.pdf"; VariantName = "[No Variations]"
Add component (AddParameter): Name = "Created from"; Value = "TGaupp"; VariantName = "[No Variations]"
Add component (AddParameter): Name = "Created On"; Value = "13.02.2024 08:51:22"; VariantName = "[No Variations]"
Add component (AddParameter): Name = "Device Package"; Value = "0603"; VariantName = "[No Variations]"
Add component (AddParameter): Name = "Last Updated"; Value = "13.02.2024 08:51:22"; VariantName = "[No Variations]"
Add component (AddParameter): Name = "Live Cycle Status"; Value = "1"; VariantName = "[No Variations]"
Add component (AddParameter): Name = "Manufacturer"; Value = "KYOCERA AVX"; VariantName = "[No Variations]"
Add component (AddParameter): Name = "Manufacturer Part Number"; Value = "KGM15ACG1H1R0BT"; VariantName = "[No Variations]"
Add component (AddParameter): Name = "Mounting Type"; Value = "SMD"; VariantName = "[No Variations]"
Add component (AddParameter): Name = "Operating Temperature"; Value = "-55 to +125°C"; VariantName = "[No Variations]"
Add component (AddParameter): Name = "PartID"; Value = "147"; VariantName = "[No Variations]"
Add component (AddParameter): Name = "Series"; Value = "C0G"; VariantName = "[No Variations]"
Add component (AddParameter): Name = "Supplier 1"; Value = "Mouser"; VariantName = "[No Variations]"
Add component (AddParameter): Name = "Supplier Part Number 1"; Value = "581-KGM15ACG1H1R0BT"; VariantName = "[No Variations]"
Add component (AddParameter): Name = "Tolerance"; Value = "10%"; VariantName = "[No Variations]"
Add component (AddParameter): Name = "Type"; Value = "Capacitor"; VariantName = "[No Variations]"
Add component (AddParameter): Name = "Value"; Value = "1 pF"; VariantName = "[No Variations]"
Add component (AddParameter): Name = "Voltage Rating"; Value = "50 VDC"; VariantName = "[No Variations]"
Added Component: Designator=C2(C_0603)
Add component (AddParameter): Name = "Component Type"; Value = "Capacitor 0603"; VariantName = "[No Variations]"
Add component (AddParameter): Name = "ComponentLink1Description"; Value = "Datasheet"; VariantName = "[No Variations]"
Add component (AddParameter): Name = "ComponentLink1URL"; Value = "https://www.mouser.de/datasheet/2/212/KEM_C1006_X5R_SMD-1103249.pdf"; VariantName = "[No Variations]"
Add component (AddParameter): Name = "Created from"; Value = "MGremer"; VariantName = "[No Variations]"
Add component (AddParameter): Name = "Created On"; Value = "20.12.2020 13:54:13"; VariantName = "[No Variations]"
Add component (AddParameter): Name = "Device Package"; Value = "0603"; VariantName = "[No Variations]"
Add component (AddParameter): Name = "Last Updated"; Value = "20.01.2021 13:57:36"; VariantName = "[No Variations]"
Add component (AddParameter): Name = "Live Cycle Status"; Value = "1"; VariantName = "[No Variations]"
Add component (AddParameter): Name = "Manufacturer"; Value = "KEMET"; VariantName = "[No Variations]"
Add component (AddParameter): Name = "Manufacturer Part Number"; Value = "C0603C104K9PACTU"; VariantName = "[No Variations]"
Add component (AddParameter): Name = "Mounting Type"; Value = "SMD"; VariantName = "[No Variations]"
Add component (AddParameter): Name = "Operating Temperature"; Value = "-55 - 85°C"; VariantName = "[No Variations]"
Add component (AddParameter): Name = "PartID"; Value = "70"; VariantName = "[No Variations]"
Add component (AddParameter): Name = "Series"; Value = "SMD Comm X5R"; VariantName = "[No Variations]"
Add component (AddParameter): Name = "Stock number"; Value = "not stored"; VariantName = "[No Variations]"
Add component (AddParameter): Name = "Supplier 1"; Value = "Mouser"; VariantName = "[No Variations]"
Add component (AddParameter): Name = "Supplier Part Number 1"; Value = "80-C0603C104K9P"; VariantName = "[No Variations]"
Add component (AddParameter): Name = "Tolerance"; Value = "10 %"; VariantName = "[No Variations]"
Add component (AddParameter): Name = "Type"; Value = "Capacitor"; VariantName = "[No Variations]"
Add component (AddParameter): Name = "Value"; Value = "100 nF"; VariantName = "[No Variations]"
Add component (AddParameter): Name = "Voltage Rating"; Value = "6.3 VDC"; VariantName = "[No Variations]"
Added Component: Designator=C3(C_0603)
Add component (AddParameter): Name = "Component Type"; Value = "Capacitor 0603"; VariantName = "[No Variations]"
Add component (AddParameter): Name = "ComponentLink1Description"; Value = "Datasheet"; VariantName = "[No Variations]"
Add component (AddParameter): Name = "ComponentLink1URL"; Value = "https://datasheet.lcsc.com/lcsc/1810261812_Samsung-Electro-Mechanics-CL10A105KB8NNNC_C15849.pdf"; VariantName = "[No Variations]"
Add component (AddParameter): Name = "Created from"; Value = "MGremer"; VariantName = "[No Variations]"
Add component (AddParameter): Name = "Created On"; Value = "20.12.2020 13:54:13"; VariantName = "[No Variations]"
Add component (AddParameter): Name = "Device Package"; Value = "0603"; VariantName = "[No Variations]"
Add component (AddParameter): Name = "Last Updated"; Value = "28.11.2022 17:23:01"; VariantName = "[No Variations]"
Add component (AddParameter): Name = "LCSC Part Number"; Value = "C15849"; VariantName = "[No Variations]"
Add component (AddParameter): Name = "Live Cycle Status"; Value = "1"; VariantName = "[No Variations]"
Add component (AddParameter): Name = "Manufacturer"; Value = "Samsung Electro-Mechanics"; VariantName = "[No Variations]"
Add component (AddParameter): Name = "Manufacturer Part Number"; Value = "CL10A105KB8NNNC"; VariantName = "[No Variations]"
Add component (AddParameter): Name = "Mounting Type"; Value = "SMD"; VariantName = "[No Variations]"
Add component (AddParameter): Name = "Operating Temperature"; Value = "-55 - 85°C"; VariantName = "[No Variations]"
Add component (AddParameter): Name = "PartID"; Value = "5"; VariantName = "[No Variations]"
Add component (AddParameter): Name = "Series"; Value = "M"; VariantName = "[No Variations]"
Add component (AddParameter): Name = "Stock number"; Value = "Labor SMD Container"; VariantName = "[No Variations]"
Add component (AddParameter): Name = "Supplier 1"; Value = "LCSC"; VariantName = "[No Variations]"
Add component (AddParameter): Name = "Supplier Part Number 1"; Value = "C15849"; VariantName = "[No Variations]"
Add component (AddParameter): Name = "Tolerance"; Value = "10 %"; VariantName = "[No Variations]"
Add component (AddParameter): Name = "Type"; Value = "Capacitor"; VariantName = "[No Variations]"
Add component (AddParameter): Name = "Value"; Value = "1 µF"; VariantName = "[No Variations]"
Add component (AddParameter): Name = "Voltage Rating"; Value = "50 VDC"; VariantName = "[No Variations]"
Added Component: Designator=C4(C_0603)
Add component (AddParameter): Name = "Component Type"; Value = "Capacitor 0603"; VariantName = "[No Variations]"
Add component (AddParameter): Name = "ComponentLink1Description"; Value = "Datasheet"; VariantName = "[No Variations]"
Add component (AddParameter): Name = "ComponentLink1URL"; Value = "https://www.mouser.de/datasheet/2/40/C0GNP0_KGM-3216332.pdf"; VariantName = "[No Variations]"
Add component (AddParameter): Name = "Created from"; Value = "TGaupp"; VariantName = "[No Variations]"
Add component (AddParameter): Name = "Created On"; Value = "13.02.2024 08:51:22"; VariantName = "[No Variations]"
Add component (AddParameter): Name = "Device Package"; Value = "0603"; VariantName = "[No Variations]"
Add component (AddParameter): Name = "Last Updated"; Value = "13.02.2024 08:51:22"; VariantName = "[No Variations]"
Add component (AddParameter): Name = "Live Cycle Status"; Value = "1"; VariantName = "[No Variations]"
Add component (AddParameter): Name = "Manufacturer"; Value = "KYOCERA AVX"; VariantName = "[No Variations]"
Add component (AddParameter): Name = "Manufacturer Part Number"; Value = "KGM15ACG1H1R0BT"; VariantName = "[No Variations]"
Add component (AddParameter): Name = "Mounting Type"; Value = "SMD"; VariantName = "[No Variations]"
Add component (AddParameter): Name = "Operating Temperature"; Value = "-55 to +125°C"; VariantName = "[No Variations]"
Add component (AddParameter): Name = "PartID"; Value = "147"; VariantName = "[No Variations]"
Add component (AddParameter): Name = "Series"; Value = "C0G"; VariantName = "[No Variations]"
Add component (AddParameter): Name = "Supplier 1"; Value = "Mouser"; VariantName = "[No Variations]"
Add component (AddParameter): Name = "Supplier Part Number 1"; Value = "581-KGM15ACG1H1R0BT"; VariantName = "[No Variations]"
Add component (AddParameter): Name = "Tolerance"; Value = "10%"; VariantName = "[No Variations]"
Add component (AddParameter): Name = "Type"; Value = "Capacitor"; VariantName = "[No Variations]"
Add component (AddParameter): Name = "Value"; Value = "1 pF"; VariantName = "[No Variations]"
Add component (AddParameter): Name = "Voltage Rating"; Value = "50 VDC"; VariantName = "[No Variations]"
Added Component: Designator=C5(C_0603)
Add component (AddParameter): Name = "Component Type"; Value = "Capacitor 0603"; VariantName = "[No Variations]"
Add component (AddParameter): Name = "ComponentLink1Description"; Value = "Datasheet"; VariantName = "[No Variations]"
Add component (AddParameter): Name = "ComponentLink1URL"; Value = "https://datasheet.lcsc.com/lcsc/1810261812_Samsung-Electro-Mechanics-CL10A105KB8NNNC_C15849.pdf"; VariantName = "[No Variations]"
Add component (AddParameter): Name = "Created from"; Value = "MGremer"; VariantName = "[No Variations]"
Add component (AddParameter): Name = "Created On"; Value = "20.12.2020 13:54:13"; VariantName = "[No Variations]"
Add component (AddParameter): Name = "Device Package"; Value = "0603"; VariantName = "[No Variations]"
Add component (AddParameter): Name = "Last Updated"; Value = "28.11.2022 17:23:01"; VariantName = "[No Variations]"
Add component (AddParameter): Name = "LCSC Part Number"; Value = "C15849"; VariantName = "[No Variations]"
Add component (AddParameter): Name = "Live Cycle Status"; Value = "1"; VariantName = "[No Variations]"
Add component (AddParameter): Name = "Manufacturer"; Value = "Samsung Electro-Mechanics"; VariantName = "[No Variations]"
Add component (AddParameter): Name = "Manufacturer Part Number"; Value = "CL10A105KB8NNNC"; VariantName = "[No Variations]"
Add component (AddParameter): Name = "Mounting Type"; Value = "SMD"; VariantName = "[No Variations]"
Add component (AddParameter): Name = "Operating Temperature"; Value = "-55 - 85°C"; VariantName = "[No Variations]"
Add component (AddParameter): Name = "PartID"; Value = "5"; VariantName = "[No Variations]"
Add component (AddParameter): Name = "Series"; Value = "M"; VariantName = "[No Variations]"
Add component (AddParameter): Name = "Stock number"; Value = "Labor SMD Container"; VariantName = "[No Variations]"
Add component (AddParameter): Name = "Supplier 1"; Value = "LCSC"; VariantName = "[No Variations]"
Add component (AddParameter): Name = "Supplier Part Number 1"; Value = "C15849"; VariantName = "[No Variations]"
Add component (AddParameter): Name = "Tolerance"; Value = "10 %"; VariantName = "[No Variations]"
Add component (AddParameter): Name = "Type"; Value = "Capacitor"; VariantName = "[No Variations]"
Add component (AddParameter): Name = "Value"; Value = "1 µF"; VariantName = "[No Variations]"
Add component (AddParameter): Name = "Voltage Rating"; Value = "50 VDC"; VariantName = "[No Variations]"
Added Component: Designator=C6(C_0603)
Add component (AddParameter): Name = "Component Type"; Value = "Capacitor 0603"; VariantName = "[No Variations]"
Add component (AddParameter): Name = "ComponentLink1Description"; Value = "Datasheet"; VariantName = "[No Variations]"
Add component (AddParameter): Name = "ComponentLink1URL"; Value = "https://datasheet.lcsc.com/lcsc/1810261812_Samsung-Electro-Mechanics-CL10A105KB8NNNC_C15849.pdf"; VariantName = "[No Variations]"
Add component (AddParameter): Name = "Created from"; Value = "MGremer"; VariantName = "[No Variations]"
Add component (AddParameter): Name = "Created On"; Value = "20.12.2020 13:54:13"; VariantName = "[No Variations]"
Add component (AddParameter): Name = "Device Package"; Value = "0603"; VariantName = "[No Variations]"
Add component (AddParameter): Name = "Last Updated"; Value = "28.11.2022 17:23:01"; VariantName = "[No Variations]"
Add component (AddParameter): Name = "LCSC Part Number"; Value = "C15849"; VariantName = "[No Variations]"
Add component (AddParameter): Name = "Live Cycle Status"; Value = "1"; VariantName = "[No Variations]"
Add component (AddParameter): Name = "Manufacturer"; Value = "Samsung Electro-Mechanics"; VariantName = "[No Variations]"
Add component (AddParameter): Name = "Manufacturer Part Number"; Value = "CL10A105KB8NNNC"; VariantName = "[No Variations]"
Add component (AddParameter): Name = "Mounting Type"; Value = "SMD"; VariantName = "[No Variations]"
Add component (AddParameter): Name = "Operating Temperature"; Value = "-55 - 85°C"; VariantName = "[No Variations]"
Add component (AddParameter): Name = "PartID"; Value = "5"; VariantName = "[No Variations]"
Add component (AddParameter): Name = "Series"; Value = "M"; VariantName = "[No Variations]"
Add component (AddParameter): Name = "Stock number"; Value = "Labor SMD Container"; VariantName = "[No Variations]"
Add component (AddParameter): Name = "Supplier 1"; Value = "LCSC"; VariantName = "[No Variations]"
Add component (AddParameter): Name = "Supplier Part Number 1"; Value = "C15849"; VariantName = "[No Variations]"
Add component (AddParameter): Name = "Tolerance"; Value = "10 %"; VariantName = "[No Variations]"
Add component (AddParameter): Name = "Type"; Value = "Capacitor"; VariantName = "[No Variations]"
Add component (AddParameter): Name = "Value"; Value = "1 µF"; VariantName = "[No Variations]"
Add component (AddParameter): Name = "Voltage Rating"; Value = "50 VDC"; VariantName = "[No Variations]"
Added Component: Designator=C7(C_0603)
Add component (AddParameter): Name = "Component Type"; Value = "Capacitor 0603"; VariantName = "[No Variations]"
Add component (AddParameter): Name = "ComponentLink1Description"; Value = "Datasheet"; VariantName = "[No Variations]"
Add component (AddParameter): Name = "ComponentLink1URL"; Value = "https://datasheet.lcsc.com/lcsc/1810261812_Samsung-Electro-Mechanics-CL10A105KB8NNNC_C15849.pdf"; VariantName = "[No Variations]"
Add component (AddParameter): Name = "Created from"; Value = "MGremer"; VariantName = "[No Variations]"
Add component (AddParameter): Name = "Created On"; Value = "20.12.2020 13:54:13"; VariantName = "[No Variations]"
Add component (AddParameter): Name = "Device Package"; Value = "0603"; VariantName = "[No Variations]"
Add component (AddParameter): Name = "Last Updated"; Value = "28.11.2022 17:23:01"; VariantName = "[No Variations]"
Add component (AddParameter): Name = "LCSC Part Number"; Value = "C15849"; VariantName = "[No Variations]"
Add component (AddParameter): Name = "Live Cycle Status"; Value = "1"; VariantName = "[No Variations]"
Add component (AddParameter): Name = "Manufacturer"; Value = "Samsung Electro-Mechanics"; VariantName = "[No Variations]"
Add component (AddParameter): Name = "Manufacturer Part Number"; Value = "CL10A105KB8NNNC"; VariantName = "[No Variations]"
Add component (AddParameter): Name = "Mounting Type"; Value = "SMD"; VariantName = "[No Variations]"
Add component (AddParameter): Name = "Operating Temperature"; Value = "-55 - 85°C"; VariantName = "[No Variations]"
Add component (AddParameter): Name = "PartID"; Value = "5"; VariantName = "[No Variations]"
Add component (AddParameter): Name = "Series"; Value = "M"; VariantName = "[No Variations]"
Add component (AddParameter): Name = "Stock number"; Value = "Labor SMD Container"; VariantName = "[No Variations]"
Add component (AddParameter): Name = "Supplier 1"; Value = "LCSC"; VariantName = "[No Variations]"
Add component (AddParameter): Name = "Supplier Part Number 1"; Value = "C15849"; VariantName = "[No Variations]"
Add component (AddParameter): Name = "Tolerance"; Value = "10 %"; VariantName = "[No Variations]"
Add component (AddParameter): Name = "Type"; Value = "Capacitor"; VariantName = "[No Variations]"
Add component (AddParameter): Name = "Value"; Value = "1 µF"; VariantName = "[No Variations]"
Add component (AddParameter): Name = "Voltage Rating"; Value = "50 VDC"; VariantName = "[No Variations]"
Added Component: Designator=C8(C_0603)
Add component (AddParameter): Name = "Component Type"; Value = "Capacitor 0603"; VariantName = "[No Variations]"
Add component (AddParameter): Name = "ComponentLink1Description"; Value = "Datasheet"; VariantName = "[No Variations]"
Add component (AddParameter): Name = "ComponentLink1URL"; Value = "https://datasheet.lcsc.com/lcsc/1810261812_Samsung-Electro-Mechanics-CL10A105KB8NNNC_C15849.pdf"; VariantName = "[No Variations]"
Add component (AddParameter): Name = "Created from"; Value = "MGremer"; VariantName = "[No Variations]"
Add component (AddParameter): Name = "Created On"; Value = "20.12.2020 13:54:13"; VariantName = "[No Variations]"
Add component (AddParameter): Name = "Device Package"; Value = "0603"; VariantName = "[No Variations]"
Add component (AddParameter): Name = "Last Updated"; Value = "28.11.2022 17:23:01"; VariantName = "[No Variations]"
Add component (AddParameter): Name = "LCSC Part Number"; Value = "C15849"; VariantName = "[No Variations]"
Add component (AddParameter): Name = "Live Cycle Status"; Value = "1"; VariantName = "[No Variations]"
Add component (AddParameter): Name = "Manufacturer"; Value = "Samsung Electro-Mechanics"; VariantName = "[No Variations]"
Add component (AddParameter): Name = "Manufacturer Part Number"; Value = "CL10A105KB8NNNC"; VariantName = "[No Variations]"
Add component (AddParameter): Name = "Mounting Type"; Value = "SMD"; VariantName = "[No Variations]"
Add component (AddParameter): Name = "Operating Temperature"; Value = "-55 - 85°C"; VariantName = "[No Variations]"
Add component (AddParameter): Name = "PartID"; Value = "5"; VariantName = "[No Variations]"
Add component (AddParameter): Name = "Series"; Value = "M"; VariantName = "[No Variations]"
Add component (AddParameter): Name = "Stock number"; Value = "Labor SMD Container"; VariantName = "[No Variations]"
Add component (AddParameter): Name = "Supplier 1"; Value = "LCSC"; VariantName = "[No Variations]"
Add component (AddParameter): Name = "Supplier Part Number 1"; Value = "C15849"; VariantName = "[No Variations]"
Add component (AddParameter): Name = "Tolerance"; Value = "10 %"; VariantName = "[No Variations]"
Add component (AddParameter): Name = "Type"; Value = "Capacitor"; VariantName = "[No Variations]"
Add component (AddParameter): Name = "Value"; Value = "1 µF"; VariantName = "[No Variations]"
Add component (AddParameter): Name = "Voltage Rating"; Value = "50 VDC"; VariantName = "[No Variations]"
Added Component: Designator=C9(C_0603)
Add component (AddParameter): Name = "Component Type"; Value = "Capacitor 0603"; VariantName = "[No Variations]"
Add component (AddParameter): Name = "ComponentLink1Description"; Value = "Datasheet"; VariantName = "[No Variations]"
Add component (AddParameter): Name = "ComponentLink1URL"; Value = "https://datasheet.lcsc.com/lcsc/1810261812_Samsung-Electro-Mechanics-CL10A105KB8NNNC_C15849.pdf"; VariantName = "[No Variations]"
Add component (AddParameter): Name = "Created from"; Value = "MGremer"; VariantName = "[No Variations]"
Add component (AddParameter): Name = "Created On"; Value = "20.12.2020 13:54:13"; VariantName = "[No Variations]"
Add component (AddParameter): Name = "Device Package"; Value = "0603"; VariantName = "[No Variations]"
Add component (AddParameter): Name = "Last Updated"; Value = "28.11.2022 17:23:01"; VariantName = "[No Variations]"
Add component (AddParameter): Name = "LCSC Part Number"; Value = "C15849"; VariantName = "[No Variations]"
Add component (AddParameter): Name = "Live Cycle Status"; Value = "1"; VariantName = "[No Variations]"
Add component (AddParameter): Name = "Manufacturer"; Value = "Samsung Electro-Mechanics"; VariantName = "[No Variations]"
Add component (AddParameter): Name = "Manufacturer Part Number"; Value = "CL10A105KB8NNNC"; VariantName = "[No Variations]"
Add component (AddParameter): Name = "Mounting Type"; Value = "SMD"; VariantName = "[No Variations]"
Add component (AddParameter): Name = "Operating Temperature"; Value = "-55 - 85°C"; VariantName = "[No Variations]"
Add component (AddParameter): Name = "PartID"; Value = "5"; VariantName = "[No Variations]"
Add component (AddParameter): Name = "Series"; Value = "M"; VariantName = "[No Variations]"
Add component (AddParameter): Name = "Stock number"; Value = "Labor SMD Container"; VariantName = "[No Variations]"
Add component (AddParameter): Name = "Supplier 1"; Value = "LCSC"; VariantName = "[No Variations]"
Add component (AddParameter): Name = "Supplier Part Number 1"; Value = "C15849"; VariantName = "[No Variations]"
Add component (AddParameter): Name = "Tolerance"; Value = "10 %"; VariantName = "[No Variations]"
Add component (AddParameter): Name = "Type"; Value = "Capacitor"; VariantName = "[No Variations]"
Add component (AddParameter): Name = "Value"; Value = "1 µF"; VariantName = "[No Variations]"
Add component (AddParameter): Name = "Voltage Rating"; Value = "50 VDC"; VariantName = "[No Variations]"
Added Component: Designator=C10(C_0603)
Add component (AddParameter): Name = "Component Type"; Value = "Capacitor 0603"; VariantName = "[No Variations]"
Add component (AddParameter): Name = "ComponentLink1Description"; Value = "Datasheet"; VariantName = "[No Variations]"
Add component (AddParameter): Name = "ComponentLink1URL"; Value = "https://datasheet.lcsc.com/lcsc/1810261812_Samsung-Electro-Mechanics-CL10A105KB8NNNC_C15849.pdf"; VariantName = "[No Variations]"
Add component (AddParameter): Name = "Created from"; Value = "MGremer"; VariantName = "[No Variations]"
Add component (AddParameter): Name = "Created On"; Value = "20.12.2020 13:54:13"; VariantName = "[No Variations]"
Add component (AddParameter): Name = "Device Package"; Value = "0603"; VariantName = "[No Variations]"
Add component (AddParameter): Name = "Last Updated"; Value = "28.11.2022 17:23:01"; VariantName = "[No Variations]"
Add component (AddParameter): Name = "LCSC Part Number"; Value = "C15849"; VariantName = "[No Variations]"
Add component (AddParameter): Name = "Live Cycle Status"; Value = "1"; VariantName = "[No Variations]"
Add component (AddParameter): Name = "Manufacturer"; Value = "Samsung Electro-Mechanics"; VariantName = "[No Variations]"
Add component (AddParameter): Name = "Manufacturer Part Number"; Value = "CL10A105KB8NNNC"; VariantName = "[No Variations]"
Add component (AddParameter): Name = "Mounting Type"; Value = "SMD"; VariantName = "[No Variations]"
Add component (AddParameter): Name = "Operating Temperature"; Value = "-55 - 85°C"; VariantName = "[No Variations]"
Add component (AddParameter): Name = "PartID"; Value = "5"; VariantName = "[No Variations]"
Add component (AddParameter): Name = "Series"; Value = "M"; VariantName = "[No Variations]"
Add component (AddParameter): Name = "Stock number"; Value = "Labor SMD Container"; VariantName = "[No Variations]"
Add component (AddParameter): Name = "Supplier 1"; Value = "LCSC"; VariantName = "[No Variations]"
Add component (AddParameter): Name = "Supplier Part Number 1"; Value = "C15849"; VariantName = "[No Variations]"
Add component (AddParameter): Name = "Tolerance"; Value = "10 %"; VariantName = "[No Variations]"
Add component (AddParameter): Name = "Type"; Value = "Capacitor"; VariantName = "[No Variations]"
Add component (AddParameter): Name = "Value"; Value = "1 µF"; VariantName = "[No Variations]"
Add component (AddParameter): Name = "Voltage Rating"; Value = "50 VDC"; VariantName = "[No Variations]"
Added Component: Designator=C11(C_0603)
Add component (AddParameter): Name = "Component Type"; Value = "Capacitor 0603"; VariantName = "[No Variations]"
Add component (AddParameter): Name = "ComponentLink1Description"; Value = "Datasheet"; VariantName = "[No Variations]"
Add component (AddParameter): Name = "ComponentLink1URL"; Value = "https://datasheet.lcsc.com/lcsc/1810261812_Samsung-Electro-Mechanics-CL10A105KB8NNNC_C15849.pdf"; VariantName = "[No Variations]"
Add component (AddParameter): Name = "Created from"; Value = "MGremer"; VariantName = "[No Variations]"
Add component (AddParameter): Name = "Created On"; Value = "20.12.2020 13:54:13"; VariantName = "[No Variations]"
Add component (AddParameter): Name = "Device Package"; Value = "0603"; VariantName = "[No Variations]"
Add component (AddParameter): Name = "Last Updated"; Value = "28.11.2022 17:23:01"; VariantName = "[No Variations]"
Add component (AddParameter): Name = "LCSC Part Number"; Value = "C15849"; VariantName = "[No Variations]"
Add component (AddParameter): Name = "Live Cycle Status"; Value = "1"; VariantName = "[No Variations]"
Add component (AddParameter): Name = "Manufacturer"; Value = "Samsung Electro-Mechanics"; VariantName = "[No Variations]"
Add component (AddParameter): Name = "Manufacturer Part Number"; Value = "CL10A105KB8NNNC"; VariantName = "[No Variations]"
Add component (AddParameter): Name = "Mounting Type"; Value = "SMD"; VariantName = "[No Variations]"
Add component (AddParameter): Name = "Operating Temperature"; Value = "-55 - 85°C"; VariantName = "[No Variations]"
Add component (AddParameter): Name = "PartID"; Value = "5"; VariantName = "[No Variations]"
Add component (AddParameter): Name = "Series"; Value = "M"; VariantName = "[No Variations]"
Add component (AddParameter): Name = "Stock number"; Value = "Labor SMD Container"; VariantName = "[No Variations]"
Add component (AddParameter): Name = "Supplier 1"; Value = "LCSC"; VariantName = "[No Variations]"
Add component (AddParameter): Name = "Supplier Part Number 1"; Value = "C15849"; VariantName = "[No Variations]"
Add component (AddParameter): Name = "Tolerance"; Value = "10 %"; VariantName = "[No Variations]"
Add component (AddParameter): Name = "Type"; Value = "Capacitor"; VariantName = "[No Variations]"
Add component (AddParameter): Name = "Value"; Value = "1 µF"; VariantName = "[No Variations]"
Add component (AddParameter): Name = "Voltage Rating"; Value = "50 VDC"; VariantName = "[No Variations]"
Added Component: Designator=C12(C_0603)
Add component (AddParameter): Name = "Component Type"; Value = "Capacitor 0603"; VariantName = "[No Variations]"
Add component (AddParameter): Name = "ComponentLink1Description"; Value = "Datasheet"; VariantName = "[No Variations]"
Add component (AddParameter): Name = "ComponentLink1URL"; Value = "https://datasheet.lcsc.com/lcsc/1810261812_Samsung-Electro-Mechanics-CL10A105KB8NNNC_C15849.pdf"; VariantName = "[No Variations]"
Add component (AddParameter): Name = "Created from"; Value = "MGremer"; VariantName = "[No Variations]"
Add component (AddParameter): Name = "Created On"; Value = "20.12.2020 13:54:13"; VariantName = "[No Variations]"
Add component (AddParameter): Name = "Device Package"; Value = "0603"; VariantName = "[No Variations]"
Add component (AddParameter): Name = "Last Updated"; Value = "28.11.2022 17:23:01"; VariantName = "[No Variations]"
Add component (AddParameter): Name = "LCSC Part Number"; Value = "C15849"; VariantName = "[No Variations]"
Add component (AddParameter): Name = "Live Cycle Status"; Value = "1"; VariantName = "[No Variations]"
Add component (AddParameter): Name = "Manufacturer"; Value = "Samsung Electro-Mechanics"; VariantName = "[No Variations]"
Add component (AddParameter): Name = "Manufacturer Part Number"; Value = "CL10A105KB8NNNC"; VariantName = "[No Variations]"
Add component (AddParameter): Name = "Mounting Type"; Value = "SMD"; VariantName = "[No Variations]"
Add component (AddParameter): Name = "Operating Temperature"; Value = "-55 - 85°C"; VariantName = "[No Variations]"
Add component (AddParameter): Name = "PartID"; Value = "5"; VariantName = "[No Variations]"
Add component (AddParameter): Name = "Series"; Value = "M"; VariantName = "[No Variations]"
Add component (AddParameter): Name = "Stock number"; Value = "Labor SMD Container"; VariantName = "[No Variations]"
Add component (AddParameter): Name = "Supplier 1"; Value = "LCSC"; VariantName = "[No Variations]"
Add component (AddParameter): Name = "Supplier Part Number 1"; Value = "C15849"; VariantName = "[No Variations]"
Add component (AddParameter): Name = "Tolerance"; Value = "10 %"; VariantName = "[No Variations]"
Add component (AddParameter): Name = "Type"; Value = "Capacitor"; VariantName = "[No Variations]"
Add component (AddParameter): Name = "Value"; Value = "1 µF"; VariantName = "[No Variations]"
Add component (AddParameter): Name = "Voltage Rating"; Value = "50 VDC"; VariantName = "[No Variations]"
Added Component: Designator=C13(C_0603)
Add component (AddParameter): Name = "Component Type"; Value = "Capacitor 0603"; VariantName = "[No Variations]"
Add component (AddParameter): Name = "ComponentLink1Description"; Value = "Datasheet"; VariantName = "[No Variations]"
Add component (AddParameter): Name = "ComponentLink1URL"; Value = "https://datasheet.lcsc.com/lcsc/1810261812_Samsung-Electro-Mechanics-CL10A105KB8NNNC_C15849.pdf"; VariantName = "[No Variations]"
Add component (AddParameter): Name = "Created from"; Value = "MGremer"; VariantName = "[No Variations]"
Add component (AddParameter): Name = "Created On"; Value = "20.12.2020 13:54:13"; VariantName = "[No Variations]"
Add component (AddParameter): Name = "Device Package"; Value = "0603"; VariantName = "[No Variations]"
Add component (AddParameter): Name = "Last Updated"; Value = "28.11.2022 17:23:01"; VariantName = "[No Variations]"
Add component (AddParameter): Name = "LCSC Part Number"; Value = "C15849"; VariantName = "[No Variations]"
Add component (AddParameter): Name = "Live Cycle Status"; Value = "1"; VariantName = "[No Variations]"
Add component (AddParameter): Name = "Manufacturer"; Value = "Samsung Electro-Mechanics"; VariantName = "[No Variations]"
Add component (AddParameter): Name = "Manufacturer Part Number"; Value = "CL10A105KB8NNNC"; VariantName = "[No Variations]"
Add component (AddParameter): Name = "Mounting Type"; Value = "SMD"; VariantName = "[No Variations]"
Add component (AddParameter): Name = "Operating Temperature"; Value = "-55 - 85°C"; VariantName = "[No Variations]"
Add component (AddParameter): Name = "PartID"; Value = "5"; VariantName = "[No Variations]"
Add component (AddParameter): Name = "Series"; Value = "M"; VariantName = "[No Variations]"
Add component (AddParameter): Name = "Stock number"; Value = "Labor SMD Container"; VariantName = "[No Variations]"
Add component (AddParameter): Name = "Supplier 1"; Value = "LCSC"; VariantName = "[No Variations]"
Add component (AddParameter): Name = "Supplier Part Number 1"; Value = "C15849"; VariantName = "[No Variations]"
Add component (AddParameter): Name = "Tolerance"; Value = "10 %"; VariantName = "[No Variations]"
Add component (AddParameter): Name = "Type"; Value = "Capacitor"; VariantName = "[No Variations]"
Add component (AddParameter): Name = "Value"; Value = "1 µF"; VariantName = "[No Variations]"
Add component (AddParameter): Name = "Voltage Rating"; Value = "50 VDC"; VariantName = "[No Variations]"
Added Component: Designator=C14(C_0603)
Add component (AddParameter): Name = "Component Type"; Value = "Capacitor 0603"; VariantName = "[No Variations]"
Add component (AddParameter): Name = "ComponentLink1Description"; Value = "Datasheet"; VariantName = "[No Variations]"
Add component (AddParameter): Name = "ComponentLink1URL"; Value = "https://www.mouser.de/datasheet/2/40/C0GNP0_KGM-3216332.pdf"; VariantName = "[No Variations]"
Add component (AddParameter): Name = "Created from"; Value = "TGaupp"; VariantName = "[No Variations]"
Add component (AddParameter): Name = "Created On"; Value = "13.02.2024 08:51:22"; VariantName = "[No Variations]"
Add component (AddParameter): Name = "Device Package"; Value = "0603"; VariantName = "[No Variations]"
Add component (AddParameter): Name = "Last Updated"; Value = "13.02.2024 08:51:22"; VariantName = "[No Variations]"
Add component (AddParameter): Name = "Live Cycle Status"; Value = "1"; VariantName = "[No Variations]"
Add component (AddParameter): Name = "Manufacturer"; Value = "KYOCERA AVX"; VariantName = "[No Variations]"
Add component (AddParameter): Name = "Manufacturer Part Number"; Value = "KGM15ACG1H1R0BT"; VariantName = "[No Variations]"
Add component (AddParameter): Name = "Mounting Type"; Value = "SMD"; VariantName = "[No Variations]"
Add component (AddParameter): Name = "Operating Temperature"; Value = "-55 to +125°C"; VariantName = "[No Variations]"
Add component (AddParameter): Name = "PartID"; Value = "147"; VariantName = "[No Variations]"
Add component (AddParameter): Name = "Series"; Value = "C0G"; VariantName = "[No Variations]"
Add component (AddParameter): Name = "Supplier 1"; Value = "Mouser"; VariantName = "[No Variations]"
Add component (AddParameter): Name = "Supplier Part Number 1"; Value = "581-KGM15ACG1H1R0BT"; VariantName = "[No Variations]"
Add component (AddParameter): Name = "Tolerance"; Value = "10%"; VariantName = "[No Variations]"
Add component (AddParameter): Name = "Type"; Value = "Capacitor"; VariantName = "[No Variations]"
Add component (AddParameter): Name = "Value"; Value = "1 pF"; VariantName = "[No Variations]"
Add component (AddParameter): Name = "Voltage Rating"; Value = "50 VDC"; VariantName = "[No Variations]"
Added Component: Designator=C15(C_0603)
Add component (AddParameter): Name = "Component Type"; Value = "Capacitor 0603"; VariantName = "[No Variations]"
Add component (AddParameter): Name = "ComponentLink1Description"; Value = "Datasheet"; VariantName = "[No Variations]"
Add component (AddParameter): Name = "ComponentLink1URL"; Value = "https://www.mouser.de/datasheet/2/212/KEM_C1006_X5R_SMD-1103249.pdf"; VariantName = "[No Variations]"
Add component (AddParameter): Name = "Created from"; Value = "MGremer"; VariantName = "[No Variations]"
Add component (AddParameter): Name = "Created On"; Value = "20.12.2020 13:54:13"; VariantName = "[No Variations]"
Add component (AddParameter): Name = "Device Package"; Value = "0603"; VariantName = "[No Variations]"
Add component (AddParameter): Name = "Last Updated"; Value = "20.01.2021 13:57:36"; VariantName = "[No Variations]"
Add component (AddParameter): Name = "Live Cycle Status"; Value = "1"; VariantName = "[No Variations]"
Add component (AddParameter): Name = "Manufacturer"; Value = "KEMET"; VariantName = "[No Variations]"
Add component (AddParameter): Name = "Manufacturer Part Number"; Value = "C0603C104K9PACTU"; VariantName = "[No Variations]"
Add component (AddParameter): Name = "Mounting Type"; Value = "SMD"; VariantName = "[No Variations]"
Add component (AddParameter): Name = "Operating Temperature"; Value = "-55 - 85°C"; VariantName = "[No Variations]"
Add component (AddParameter): Name = "PartID"; Value = "70"; VariantName = "[No Variations]"
Add component (AddParameter): Name = "Series"; Value = "SMD Comm X5R"; VariantName = "[No Variations]"
Add component (AddParameter): Name = "Stock number"; Value = "not stored"; VariantName = "[No Variations]"
Add component (AddParameter): Name = "Supplier 1"; Value = "Mouser"; VariantName = "[No Variations]"
Add component (AddParameter): Name = "Supplier Part Number 1"; Value = "80-C0603C104K9P"; VariantName = "[No Variations]"
Add component (AddParameter): Name = "Tolerance"; Value = "10 %"; VariantName = "[No Variations]"
Add component (AddParameter): Name = "Type"; Value = "Capacitor"; VariantName = "[No Variations]"
Add component (AddParameter): Name = "Value"; Value = "100 nF"; VariantName = "[No Variations]"
Add component (AddParameter): Name = "Voltage Rating"; Value = "6.3 VDC"; VariantName = "[No Variations]"
Added Component: Designator=C16(C_0603)
Add component (AddParameter): Name = "Component Type"; Value = "Capacitor 0603"; VariantName = "[No Variations]"
Add component (AddParameter): Name = "ComponentLink1Description"; Value = "Datasheet"; VariantName = "[No Variations]"
Add component (AddParameter): Name = "ComponentLink1URL"; Value = "https://datasheet.lcsc.com/lcsc/1810261812_Samsung-Electro-Mechanics-CL10A105KB8NNNC_C15849.pdf"; VariantName = "[No Variations]"
Add component (AddParameter): Name = "Created from"; Value = "MGremer"; VariantName = "[No Variations]"
Add component (AddParameter): Name = "Created On"; Value = "20.12.2020 13:54:13"; VariantName = "[No Variations]"
Add component (AddParameter): Name = "Device Package"; Value = "0603"; VariantName = "[No Variations]"
Add component (AddParameter): Name = "Last Updated"; Value = "28.11.2022 17:23:01"; VariantName = "[No Variations]"
Add component (AddParameter): Name = "LCSC Part Number"; Value = "C15849"; VariantName = "[No Variations]"
Add component (AddParameter): Name = "Live Cycle Status"; Value = "1"; VariantName = "[No Variations]"
Add component (AddParameter): Name = "Manufacturer"; Value = "Samsung Electro-Mechanics"; VariantName = "[No Variations]"
Add component (AddParameter): Name = "Manufacturer Part Number"; Value = "CL10A105KB8NNNC"; VariantName = "[No Variations]"
Add component (AddParameter): Name = "Mounting Type"; Value = "SMD"; VariantName = "[No Variations]"
Add component (AddParameter): Name = "Operating Temperature"; Value = "-55 - 85°C"; VariantName = "[No Variations]"
Add component (AddParameter): Name = "PartID"; Value = "5"; VariantName = "[No Variations]"
Add component (AddParameter): Name = "Series"; Value = "M"; VariantName = "[No Variations]"
Add component (AddParameter): Name = "Stock number"; Value = "Labor SMD Container"; VariantName = "[No Variations]"
Add component (AddParameter): Name = "Supplier 1"; Value = "LCSC"; VariantName = "[No Variations]"
Add component (AddParameter): Name = "Supplier Part Number 1"; Value = "C15849"; VariantName = "[No Variations]"
Add component (AddParameter): Name = "Tolerance"; Value = "10 %"; VariantName = "[No Variations]"
Add component (AddParameter): Name = "Type"; Value = "Capacitor"; VariantName = "[No Variations]"
Add component (AddParameter): Name = "Value"; Value = "1 µF"; VariantName = "[No Variations]"
Add component (AddParameter): Name = "Voltage Rating"; Value = "50 VDC"; VariantName = "[No Variations]"
Added Component: Designator=C17(C_0603)
Add component (AddParameter): Name = "Component Type"; Value = "Capacitor 0603"; VariantName = "[No Variations]"
Add component (AddParameter): Name = "ComponentLink1Description"; Value = "Datasheet"; VariantName = "[No Variations]"
Add component (AddParameter): Name = "ComponentLink1URL"; Value = "https://www.mouser.de/datasheet/2/40/C0GNP0_KGM-3216332.pdf"; VariantName = "[No Variations]"
Add component (AddParameter): Name = "Created from"; Value = "TGaupp"; VariantName = "[No Variations]"
Add component (AddParameter): Name = "Created On"; Value = "13.02.2024 08:51:22"; VariantName = "[No Variations]"
Add component (AddParameter): Name = "Device Package"; Value = "0603"; VariantName = "[No Variations]"
Add component (AddParameter): Name = "Last Updated"; Value = "13.02.2024 08:51:22"; VariantName = "[No Variations]"
Add component (AddParameter): Name = "Live Cycle Status"; Value = "1"; VariantName = "[No Variations]"
Add component (AddParameter): Name = "Manufacturer"; Value = "KYOCERA AVX"; VariantName = "[No Variations]"
Add component (AddParameter): Name = "Manufacturer Part Number"; Value = "KGM15ACG1H1R0BT"; VariantName = "[No Variations]"
Add component (AddParameter): Name = "Mounting Type"; Value = "SMD"; VariantName = "[No Variations]"
Add component (AddParameter): Name = "Operating Temperature"; Value = "-55 to +125°C"; VariantName = "[No Variations]"
Add component (AddParameter): Name = "PartID"; Value = "147"; VariantName = "[No Variations]"
Add component (AddParameter): Name = "Series"; Value = "C0G"; VariantName = "[No Variations]"
Add component (AddParameter): Name = "Supplier 1"; Value = "Mouser"; VariantName = "[No Variations]"
Add component (AddParameter): Name = "Supplier Part Number 1"; Value = "581-KGM15ACG1H1R0BT"; VariantName = "[No Variations]"
Add component (AddParameter): Name = "Tolerance"; Value = "10%"; VariantName = "[No Variations]"
Add component (AddParameter): Name = "Type"; Value = "Capacitor"; VariantName = "[No Variations]"
Add component (AddParameter): Name = "Value"; Value = "1 pF"; VariantName = "[No Variations]"
Add component (AddParameter): Name = "Voltage Rating"; Value = "50 VDC"; VariantName = "[No Variations]"
Added Component: Designator=D1(1SS356VMFHTE17)
Add component (AddParameter): Name = "Arrow Part Number"; Value = ""; VariantName = "[No Variations]"
Add component (AddParameter): Name = "Arrow Price/Stock"; Value = ""; VariantName = "[No Variations]"
Add component (AddParameter): Name = "Datasheet Link"; Value = "https://fscdn.rohm.com/en/products/databook/datasheet/discrete/diode/switching/1ss355vmfhte-17-e.pdf"; VariantName = "[No Variations]"
Add component (AddParameter): Name = "Height"; Value = "0.9mm"; VariantName = "[No Variations]"
Add component (AddParameter): Name = "Manufacturer_Name"; Value = "ROHM Semiconductor"; VariantName = "[No Variations]"
Add component (AddParameter): Name = "Manufacturer_Part_Number"; Value = "1SS356VMFHTE-17"; VariantName = "[No Variations]"
Add component (AddParameter): Name = "Mouser Part Number"; Value = "755-1SS356VMFHTE-17"; VariantName = "[No Variations]"
Add component (AddParameter): Name = "Mouser Price/Stock"; Value = "https://www.mouser.co.uk/ProductDetail/ROHM-Semiconductor/1SS356VMFHTE-17?qs=doiCPypUmgG12xHjyvfQdg%3D%3D"; VariantName = "[No Variations]"
Add component (AddParameter): Name = "Supplier 1"; Value = "Mouser"; VariantName = "[No Variations]"
Add component (AddParameter): Name = "Supplier Part Number 1"; Value = "755-1SS356VMFHTE-17"; VariantName = "[No Variations]"
Added Component: Designator=D2(1SS356VMFHTE17)
Add component (AddParameter): Name = "Arrow Part Number"; Value = ""; VariantName = "[No Variations]"
Add component (AddParameter): Name = "Arrow Price/Stock"; Value = ""; VariantName = "[No Variations]"
Add component (AddParameter): Name = "Datasheet Link"; Value = "https://fscdn.rohm.com/en/products/databook/datasheet/discrete/diode/switching/1ss355vmfhte-17-e.pdf"; VariantName = "[No Variations]"
Add component (AddParameter): Name = "Height"; Value = "0.9mm"; VariantName = "[No Variations]"
Add component (AddParameter): Name = "Manufacturer_Name"; Value = "ROHM Semiconductor"; VariantName = "[No Variations]"
Add component (AddParameter): Name = "Manufacturer_Part_Number"; Value = "1SS356VMFHTE-17"; VariantName = "[No Variations]"
Add component (AddParameter): Name = "Mouser Part Number"; Value = "755-1SS356VMFHTE-17"; VariantName = "[No Variations]"
Add component (AddParameter): Name = "Mouser Price/Stock"; Value = "https://www.mouser.co.uk/ProductDetail/ROHM-Semiconductor/1SS356VMFHTE-17?qs=doiCPypUmgG12xHjyvfQdg%3D%3D"; VariantName = "[No Variations]"
Add component (AddParameter): Name = "Supplier 1"; Value = "Mouser"; VariantName = "[No Variations]"
Add component (AddParameter): Name = "Supplier Part Number 1"; Value = "755-1SS356VMFHTE-17"; VariantName = "[No Variations]"
Added Component: Designator=D3(1SS356VMFHTE17)
Add component (AddParameter): Name = "Arrow Part Number"; Value = ""; VariantName = "[No Variations]"
Add component (AddParameter): Name = "Arrow Price/Stock"; Value = ""; VariantName = "[No Variations]"
Add component (AddParameter): Name = "Datasheet Link"; Value = "https://fscdn.rohm.com/en/products/databook/datasheet/discrete/diode/switching/1ss355vmfhte-17-e.pdf"; VariantName = "[No Variations]"
Add component (AddParameter): Name = "Height"; Value = "0.9mm"; VariantName = "[No Variations]"
Add component (AddParameter): Name = "Manufacturer_Name"; Value = "ROHM Semiconductor"; VariantName = "[No Variations]"
Add component (AddParameter): Name = "Manufacturer_Part_Number"; Value = "1SS356VMFHTE-17"; VariantName = "[No Variations]"
Add component (AddParameter): Name = "Mouser Part Number"; Value = "755-1SS356VMFHTE-17"; VariantName = "[No Variations]"
Add component (AddParameter): Name = "Mouser Price/Stock"; Value = "https://www.mouser.co.uk/ProductDetail/ROHM-Semiconductor/1SS356VMFHTE-17?qs=doiCPypUmgG12xHjyvfQdg%3D%3D"; VariantName = "[No Variations]"
Add component (AddParameter): Name = "Supplier 1"; Value = "Mouser"; VariantName = "[No Variations]"
Add component (AddParameter): Name = "Supplier Part Number 1"; Value = "755-1SS356VMFHTE-17"; VariantName = "[No Variations]"
Added Component: Designator=D4(1SS356VMFHTE17)
Add component (AddParameter): Name = "Arrow Part Number"; Value = ""; VariantName = "[No Variations]"
Add component (AddParameter): Name = "Arrow Price/Stock"; Value = ""; VariantName = "[No Variations]"
Add component (AddParameter): Name = "Datasheet Link"; Value = "https://fscdn.rohm.com/en/products/databook/datasheet/discrete/diode/switching/1ss355vmfhte-17-e.pdf"; VariantName = "[No Variations]"
Add component (AddParameter): Name = "Height"; Value = "0.9mm"; VariantName = "[No Variations]"
Add component (AddParameter): Name = "Manufacturer_Name"; Value = "ROHM Semiconductor"; VariantName = "[No Variations]"
Add component (AddParameter): Name = "Manufacturer_Part_Number"; Value = "1SS356VMFHTE-17"; VariantName = "[No Variations]"
Add component (AddParameter): Name = "Mouser Part Number"; Value = "755-1SS356VMFHTE-17"; VariantName = "[No Variations]"
Add component (AddParameter): Name = "Mouser Price/Stock"; Value = "https://www.mouser.co.uk/ProductDetail/ROHM-Semiconductor/1SS356VMFHTE-17?qs=doiCPypUmgG12xHjyvfQdg%3D%3D"; VariantName = "[No Variations]"
Add component (AddParameter): Name = "Supplier 1"; Value = "Mouser"; VariantName = "[No Variations]"
Add component (AddParameter): Name = "Supplier Part Number 1"; Value = "755-1SS356VMFHTE-17"; VariantName = "[No Variations]"
Added Component: Designator=IC1(SOIC-8-N)
Add component (AddParameter): Name = "Best.-Nr."; Value = "Farnell 209-6178"; VariantName = "[No Variations]"
Add component (AddParameter): Name = "Channels"; Value = "1"; VariantName = "[No Variations]"
Add component (AddParameter): Name = "Class I"; Value = "Analog"; VariantName = "[No Variations]"
Add component (AddParameter): Name = "Class II"; Value = "Fully Differential ADC Drivers (-40-125°C)"; VariantName = "[No Variations]"
Add component (AddParameter): Name = "Component Type"; Value = "ADC"; VariantName = "[No Variations]"
Add component (AddParameter): Name = "ComponentLink1Description"; Value = "Datasheet"; VariantName = "[No Variations]"
Add component (AddParameter): Name = "ComponentLink1URL"; Value = "https://www.mouser.de/datasheet/2/609/ADA4940-1_4940-2-878284.pdf"; VariantName = "[No Variations]"
Add component (AddParameter): Name = "Created from"; Value = "MGremer"; VariantName = "[No Variations]"
Add component (AddParameter): Name = "Created On"; Value = "15.01.2021 12:16:53"; VariantName = "[No Variations]"
Add component (AddParameter): Name = "Datasheet"; Value = "DSO11449, Ver. Aug 2000"; VariantName = "[No Variations]"
Add component (AddParameter): Name = "Device Package"; Value = "SOIC-8"; VariantName = "[No Variations]"
Add component (AddParameter): Name = "Last edited"; Value = "04.01.2007 10:14"; VariantName = "[No Variations]"
Add component (AddParameter): Name = "Last Updated"; Value = "22.11.2021 15:19:18"; VariantName = "[No Variations]"
Add component (AddParameter): Name = "Live Cycle Status"; Value = "1"; VariantName = "[No Variations]"
Add component (AddParameter): Name = "Manufacturer"; Value = "Analog Devices"; VariantName = "[No Variations]"
Add component (AddParameter): Name = "Manufacturer Part Number"; Value = "ADA4940-1ARZ-R7"; VariantName = "[No Variations]"
Add component (AddParameter): Name = "Mounting Type"; Value = "SMD"; VariantName = "[No Variations]"
Add component (AddParameter): Name = "Operating Temperature"; Value = "-40 - 105 °C"; VariantName = "[No Variations]"
Add component (AddParameter): Name = "Package Reference"; Value = "SOIC-N-8"; VariantName = "[No Variations]"
Add component (AddParameter): Name = "PartID"; Value = "3"; VariantName = "[No Variations]"
Add component (AddParameter): Name = "Resolution"; Value = "-"; VariantName = "[No Variations]"
Add component (AddParameter): Name = "Stock number"; Value = "not stored"; VariantName = "[No Variations]"
Add component (AddParameter): Name = "Supplier 1"; Value = "Mouser"; VariantName = "[No Variations]"
Add component (AddParameter): Name = "Supplier Part Number 1"; Value = "584-ADA4940-1ARZ-R7"; VariantName = "[No Variations]"
Add component (AddParameter): Name = "Type"; Value = "ADC"; VariantName = "[No Variations]"
Add component (AddParameter): Name = "Value"; Value = "differential ADC driver"; VariantName = "[No Variations]"
Added Component: Designator=IC2(SOIC-8-N)
Add component (AddParameter): Name = "Best.-Nr."; Value = "Farnell 209-6178"; VariantName = "[No Variations]"
Add component (AddParameter): Name = "Channels"; Value = "1"; VariantName = "[No Variations]"
Add component (AddParameter): Name = "Class I"; Value = "Analog"; VariantName = "[No Variations]"
Add component (AddParameter): Name = "Class II"; Value = "Fully Differential ADC Drivers (-40-125°C)"; VariantName = "[No Variations]"
Add component (AddParameter): Name = "Component Type"; Value = "ADC"; VariantName = "[No Variations]"
Add component (AddParameter): Name = "ComponentLink1Description"; Value = "Datasheet"; VariantName = "[No Variations]"
Add component (AddParameter): Name = "ComponentLink1URL"; Value = "https://www.mouser.de/datasheet/2/609/ADA4940-1_4940-2-878284.pdf"; VariantName = "[No Variations]"
Add component (AddParameter): Name = "Created from"; Value = "MGremer"; VariantName = "[No Variations]"
Add component (AddParameter): Name = "Created On"; Value = "15.01.2021 12:16:53"; VariantName = "[No Variations]"
Add component (AddParameter): Name = "Datasheet"; Value = "DSO11449, Ver. Aug 2000"; VariantName = "[No Variations]"
Add component (AddParameter): Name = "Device Package"; Value = "SOIC-8"; VariantName = "[No Variations]"
Add component (AddParameter): Name = "Last edited"; Value = "04.01.2007 10:14"; VariantName = "[No Variations]"
Add component (AddParameter): Name = "Last Updated"; Value = "22.11.2021 15:19:18"; VariantName = "[No Variations]"
Add component (AddParameter): Name = "Live Cycle Status"; Value = "1"; VariantName = "[No Variations]"
Add component (AddParameter): Name = "Manufacturer"; Value = "Analog Devices"; VariantName = "[No Variations]"
Add component (AddParameter): Name = "Manufacturer Part Number"; Value = "ADA4940-1ARZ-R7"; VariantName = "[No Variations]"
Add component (AddParameter): Name = "Mounting Type"; Value = "SMD"; VariantName = "[No Variations]"
Add component (AddParameter): Name = "Operating Temperature"; Value = "-40 - 105 °C"; VariantName = "[No Variations]"
Add component (AddParameter): Name = "Package Reference"; Value = "SOIC-N-8"; VariantName = "[No Variations]"
Add component (AddParameter): Name = "PartID"; Value = "3"; VariantName = "[No Variations]"
Add component (AddParameter): Name = "Resolution"; Value = "-"; VariantName = "[No Variations]"
Add component (AddParameter): Name = "Stock number"; Value = "not stored"; VariantName = "[No Variations]"
Add component (AddParameter): Name = "Supplier 1"; Value = "Mouser"; VariantName = "[No Variations]"
Add component (AddParameter): Name = "Supplier Part Number 1"; Value = "584-ADA4940-1ARZ-R7"; VariantName = "[No Variations]"
Add component (AddParameter): Name = "Type"; Value = "ADC"; VariantName = "[No Variations]"
Add component (AddParameter): Name = "Value"; Value = "differential ADC driver"; VariantName = "[No Variations]"
Added Component: Designator=INFO1(Design_info)
Add component (AddParameter): Name = "Component Type"; Value = "Design Information"; VariantName = "[No Variations]"
Add component (AddParameter): Name = "ComponentLink1Description"; Value = "https://docs.ultrazohm.com/"; VariantName = "[No Variations]"
Add component (AddParameter): Name = "ComponentLink1URL"; Value = "homepage"; VariantName = "[No Variations]"
Add component (AddParameter): Name = "Created from"; Value = "MGremer"; VariantName = "[No Variations]"
Add component (AddParameter): Name = "Created On"; Value = "03.11.2021 09:04:23"; VariantName = "[No Variations]"
Add component (AddParameter): Name = "Last Updated"; Value = "03.11.2021 09:28:34"; VariantName = "[No Variations]"
Add component (AddParameter): Name = "Live Cycle Status"; Value = "1"; VariantName = "[No Variations]"
Add component (AddParameter): Name = "Manufacturer"; Value = "UltraZohm"; VariantName = "[No Variations]"
Add component (AddParameter): Name = "Manufacturer Part Number"; Value = "Design Information"; VariantName = "[No Variations]"
Add component (AddParameter): Name = "PartID"; Value = "12"; VariantName = "[No Variations]"
Add component (AddParameter): Name = "Supplier 1"; Value = "-"; VariantName = "[No Variations]"
Add component (AddParameter): Name = "Supplier Part Number 1"; Value = "-"; VariantName = "[No Variations]"
Add component (AddParameter): Name = "Type"; Value = "Design Information"; VariantName = "[No Variations]"
Add component (AddParameter): Name = "Value"; Value = "Design Information"; VariantName = "[No Variations]"
Added Component: Designator=J1(634008149821)
Add component (AddParameter): Name = "Category"; Value = "Input/Output Connectors"; VariantName = "[No Variations]"
Add component (AddParameter): Name = "Component Type"; Value = "RJ45 Connector"; VariantName = "[No Variations]"
Add component (AddParameter): Name = "ComponentLink1Description"; Value = "Datasheet"; VariantName = "[No Variations]"
Add component (AddParameter): Name = "ComponentLink1URL"; Value = "https://jlcpcb.com/partdetail/TeConnectivity-63391601/C125076"; VariantName = "[No Variations]"
Add component (AddParameter): Name = "ComponentLink2Description"; Value = "Datasheet"; VariantName = "[No Variations]"
Add component (AddParameter): Name = "ComponentLink2URL"; Value = "https://www.we-online.com/redexpert/spec/634008149821?ad"; VariantName = "[No Variations]"
Add component (AddParameter): Name = "Contact Resistance"; Value = "20mOhm"; VariantName = "[No Variations]"
Add component (AddParameter): Name = "Created from"; Value = "NDiringer"; VariantName = "[No Variations]"
Add component (AddParameter): Name = "Created On"; Value = "20.04.2023 12:29:11"; VariantName = "[No Variations]"
Add component (AddParameter): Name = "Device Package"; Value = "RJ45"; VariantName = "[No Variations]"
Add component (AddParameter): Name = "Insulation Resistance"; Value = "500MOhm"; VariantName = "[No Variations]"
Add component (AddParameter): Name = "Last Updated"; Value = "20.04.2023 12:29:11"; VariantName = "[No Variations]"
Add component (AddParameter): Name = "LCSC Part Number"; Value = "C125076"; VariantName = "[No Variations]"
Add component (AddParameter): Name = "LED"; Value = "No"; VariantName = "[No Variations]"
Add component (AddParameter): Name = "Live Cycle Status"; Value = "1"; VariantName = "[No Variations]"
Add component (AddParameter): Name = "Manufacturer"; Value = "TE"; VariantName = "[No Variations]"
Add component (AddParameter): Name = "Manufacturer Part Number"; Value = "6339160-1"; VariantName = "[No Variations]"
Add component (AddParameter): Name = "Match Code"; Value = "WR-MJ"; VariantName = "[No Variations]"
Add component (AddParameter): Name = "Mount"; Value = "Surface Mount"; VariantName = "[No Variations]"
Add component (AddParameter): Name = "Mounting Type"; Value = "SMD"; VariantName = "[No Variations]"
Add component (AddParameter): Name = "Number of Pins"; Value = "8P8C"; VariantName = "[No Variations]"
Add component (AddParameter): Name = "Number of Ports"; Value = "1"; VariantName = "[No Variations]"
Add component (AddParameter): Name = "Operating Temperature Max"; Value = "85°C"; VariantName = "[No Variations]"
Add component (AddParameter): Name = "Operating Temperature Min"; Value = "-40°C"; VariantName = "[No Variations]"
Add component (AddParameter): Name = "Orientation"; Value = "Horizontal"; VariantName = "[No Variations]"
Add component (AddParameter): Name = "Packaging"; Value = "Tray"; VariantName = "[No Variations]"
Add component (AddParameter): Name = "PartID"; Value = "8"; VariantName = "[No Variations]"
Add component (AddParameter): Name = "Rated Current"; Value = "1.5A"; VariantName = "[No Variations]"
Add component (AddParameter): Name = "Series"; Value = "RJHSE"; VariantName = "[No Variations]"
Add component (AddParameter): Name = "Shielding"; Value = "Yes"; VariantName = "[No Variations]"
Add component (AddParameter): Name = "Stock number"; Value = "not stored"; VariantName = "[No Variations]"
Add component (AddParameter): Name = "Supplier 1"; Value = "LCSC"; VariantName = "[No Variations]"
Add component (AddParameter): Name = "Supplier Part Number 1"; Value = "C125076"; VariantName = "[No Variations]"
Add component (AddParameter): Name = "Type"; Value = "RJ45 Connector"; VariantName = "[No Variations]"
Add component (AddParameter): Name = "Withstanding Voltage"; Value = "1000VAC"; VariantName = "[No Variations]"
Add component (AddParameter): Name = "Working Voltage"; Value = "120VAC"; VariantName = "[No Variations]"
Added Component: Designator=J2(23117652)
Add component (AddParameter): Name = "Arrow Part Number"; Value = "2311765-2"; VariantName = "[No Variations]"
Add component (AddParameter): Name = "Arrow Price/Stock"; Value = "https://www.arrow.com/en/products/2311765-2/te-connectivity?region=nac"; VariantName = "[No Variations]"
Add component (AddParameter): Name = "Datasheet Link"; Value = "https://www.te.com/commerce/DocumentDelivery/DDEController?Action=showdoc&DocId=Customer+Drawing%7F2311765%7FD%7Fpdf%7FEnglish%7FENG_CD_2311765_D.pdf%7F2311765-2"; VariantName = "[No Variations]"
Add component (AddParameter): Name = "Height"; Value = "12.8mm"; VariantName = "[No Variations]"
Add component (AddParameter): Name = "Manufacturer_Name"; Value = "TE Connectivity"; VariantName = "[No Variations]"
Add component (AddParameter): Name = "Manufacturer_Part_Number"; Value = "2311765-2"; VariantName = "[No Variations]"
Add component (AddParameter): Name = "Mouser Part Number"; Value = "571-2311765-2"; VariantName = "[No Variations]"
Add component (AddParameter): Name = "Mouser Price/Stock"; Value = "https://www.mouser.co.uk/ProductDetail/TE-Connectivity/2311765-2?qs=rrS6PyfT74frdzrH7SJRfg%3D%3D"; VariantName = "[No Variations]"
Add component (AddParameter): Name = "Supplier 1"; Value = "Mouser"; VariantName = "[No Variations]"
Add component (AddParameter): Name = "Supplier Part Number 1"; Value = "571-2311765-2"; VariantName = "[No Variations]"
Added Component: Designator=J3(23117652)
Add component (AddParameter): Name = "Arrow Part Number"; Value = "2311765-2"; VariantName = "[No Variations]"
Add component (AddParameter): Name = "Arrow Price/Stock"; Value = "https://www.arrow.com/en/products/2311765-2/te-connectivity?region=nac"; VariantName = "[No Variations]"
Add component (AddParameter): Name = "Datasheet Link"; Value = "https://www.te.com/commerce/DocumentDelivery/DDEController?Action=showdoc&DocId=Customer+Drawing%7F2311765%7FD%7Fpdf%7FEnglish%7FENG_CD_2311765_D.pdf%7F2311765-2"; VariantName = "[No Variations]"
Add component (AddParameter): Name = "Height"; Value = "12.8mm"; VariantName = "[No Variations]"
Add component (AddParameter): Name = "Manufacturer_Name"; Value = "TE Connectivity"; VariantName = "[No Variations]"
Add component (AddParameter): Name = "Manufacturer_Part_Number"; Value = "2311765-2"; VariantName = "[No Variations]"
Add component (AddParameter): Name = "Mouser Part Number"; Value = "571-2311765-2"; VariantName = "[No Variations]"
Add component (AddParameter): Name = "Mouser Price/Stock"; Value = "https://www.mouser.co.uk/ProductDetail/TE-Connectivity/2311765-2?qs=rrS6PyfT74frdzrH7SJRfg%3D%3D"; VariantName = "[No Variations]"
Add component (AddParameter): Name = "Supplier 1"; Value = "Mouser"; VariantName = "[No Variations]"
Add component (AddParameter): Name = "Supplier Part Number 1"; Value = "571-2311765-2"; VariantName = "[No Variations]"
Added Component: Designator=J4(23117652)
Add component (AddParameter): Name = "Arrow Part Number"; Value = "2311765-2"; VariantName = "[No Variations]"
Add component (AddParameter): Name = "Arrow Price/Stock"; Value = "https://www.arrow.com/en/products/2311765-2/te-connectivity?region=nac"; VariantName = "[No Variations]"
Add component (AddParameter): Name = "Datasheet Link"; Value = "https://www.te.com/commerce/DocumentDelivery/DDEController?Action=showdoc&DocId=Customer+Drawing%7F2311765%7FD%7Fpdf%7FEnglish%7FENG_CD_2311765_D.pdf%7F2311765-2"; VariantName = "[No Variations]"
Add component (AddParameter): Name = "Height"; Value = "12.8mm"; VariantName = "[No Variations]"
Add component (AddParameter): Name = "Manufacturer_Name"; Value = "TE Connectivity"; VariantName = "[No Variations]"
Add component (AddParameter): Name = "Manufacturer_Part_Number"; Value = "2311765-2"; VariantName = "[No Variations]"
Add component (AddParameter): Name = "Mouser Part Number"; Value = "571-2311765-2"; VariantName = "[No Variations]"
Add component (AddParameter): Name = "Mouser Price/Stock"; Value = "https://www.mouser.co.uk/ProductDetail/TE-Connectivity/2311765-2?qs=rrS6PyfT74frdzrH7SJRfg%3D%3D"; VariantName = "[No Variations]"
Add component (AddParameter): Name = "Supplier 1"; Value = "Mouser"; VariantName = "[No Variations]"
Add component (AddParameter): Name = "Supplier Part Number 1"; Value = "571-2311765-2"; VariantName = "[No Variations]"
Added Component: Designator=J5(23117652)
Add component (AddParameter): Name = "Arrow Part Number"; Value = "2311765-2"; VariantName = "[No Variations]"
Add component (AddParameter): Name = "Arrow Price/Stock"; Value = "https://www.arrow.com/en/products/2311765-2/te-connectivity?region=nac"; VariantName = "[No Variations]"
Add component (AddParameter): Name = "Datasheet Link"; Value = "https://www.te.com/commerce/DocumentDelivery/DDEController?Action=showdoc&DocId=Customer+Drawing%7F2311765%7FD%7Fpdf%7FEnglish%7FENG_CD_2311765_D.pdf%7F2311765-2"; VariantName = "[No Variations]"
Add component (AddParameter): Name = "Height"; Value = "12.8mm"; VariantName = "[No Variations]"
Add component (AddParameter): Name = "Manufacturer_Name"; Value = "TE Connectivity"; VariantName = "[No Variations]"
Add component (AddParameter): Name = "Manufacturer_Part_Number"; Value = "2311765-2"; VariantName = "[No Variations]"
Add component (AddParameter): Name = "Mouser Part Number"; Value = "571-2311765-2"; VariantName = "[No Variations]"
Add component (AddParameter): Name = "Mouser Price/Stock"; Value = "https://www.mouser.co.uk/ProductDetail/TE-Connectivity/2311765-2?qs=rrS6PyfT74frdzrH7SJRfg%3D%3D"; VariantName = "[No Variations]"
Add component (AddParameter): Name = "Supplier 1"; Value = "Mouser"; VariantName = "[No Variations]"
Add component (AddParameter): Name = "Supplier Part Number 1"; Value = "571-2311765-2"; VariantName = "[No Variations]"
Added Component: Designator=J6(FCR7350)
Add component (AddParameter): Name = "Component Type"; Value = "PCB mount 4mm jack, Red"; VariantName = "[No Variations]"
Add component (AddParameter): Name = "ComponentLink1Description"; Value = "datasheet"; VariantName = "[No Variations]"
Add component (AddParameter): Name = "ComponentLink1URL"; Value = "https://www.cliffuk.co.uk/products/testleads/sockets/S16NPC.pdf"; VariantName = "[No Variations]"
Add component (AddParameter): Name = "ComponentLink2Description"; Value = "drawing"; VariantName = "[No Variations]"
Add component (AddParameter): Name = "ComponentLink2URL"; Value = "https://media.digikey.com/pdf/Data%20Sheets/Cliff%20Electronic%20LTD%20PDF's/FCR7350_Drawing.pdf"; VariantName = "[No Variations]"
Add component (AddParameter): Name = "Created from"; Value = "DHufnagel"; VariantName = "[No Variations]"
Add component (AddParameter): Name = "Created On"; Value = "13.06.2022 10:18:11"; VariantName = "[No Variations]"
Add component (AddParameter): Name = "Device Package"; Value = "THT"; VariantName = "[No Variations]"
Add component (AddParameter): Name = "Last Updated"; Value = "28.06.2022 13:58:37"; VariantName = "[No Variations]"
Add component (AddParameter): Name = "Live Cycle Status"; Value = "1"; VariantName = "[No Variations]"
Add component (AddParameter): Name = "Manufacturer"; Value = "Cliff"; VariantName = "[No Variations]"
Add component (AddParameter): Name = "Manufacturer Part Number"; Value = "FCR7350R"; VariantName = "[No Variations]"
Add component (AddParameter): Name = "Minimum Order"; Value = "1"; VariantName = "[No Variations]"
Add component (AddParameter): Name = "Mounting Type"; Value = "THT"; VariantName = "[No Variations]"
Add component (AddParameter): Name = "Operating Temperature"; Value = "-40°C - 80°C"; VariantName = "[No Variations]"
Add component (AddParameter): Name = "PartID"; Value = "7"; VariantName = "[No Variations]"
Add component (AddParameter): Name = "Series"; Value = "S16N-PC"; VariantName = "[No Variations]"
Add component (AddParameter): Name = "Stock number"; Value = "not stored"; VariantName = "[No Variations]"
Add component (AddParameter): Name = "Supplier 1"; Value = "Digi-Key"; VariantName = "[No Variations]"
Add component (AddParameter): Name = "Supplier 2"; Value = "farnell"; VariantName = "[No Variations]"
Add component (AddParameter): Name = "Supplier Part Number 1"; Value = "3185-FCR7350R-ND"; VariantName = "[No Variations]"
Add component (AddParameter): Name = "Supplier Part Number 2"; Value = "1854508"; VariantName = "[No Variations]"
Add component (AddParameter): Name = "Type"; Value = "PCB mount 4mm jack, Red FCR7350R, 1000V, 24A"; VariantName = "[No Variations]"
Add component (AddParameter): Name = "Value"; Value = "PCB mount 4mm jack, Red FCR7350R, 1000V, 24A"; VariantName = "[No Variations]"
Added Component: Designator=J7(FCR7350)
Add component (AddParameter): Name = "Component Type"; Value = "PCB mount 4mm jack, Black"; VariantName = "[No Variations]"
Add component (AddParameter): Name = "ComponentLink1Description"; Value = "datasheet"; VariantName = "[No Variations]"
Add component (AddParameter): Name = "ComponentLink1URL"; Value = "https://www.cliffuk.co.uk/products/testleads/sockets/S16NPC.pdf"; VariantName = "[No Variations]"
Add component (AddParameter): Name = "ComponentLink2Description"; Value = "drawing"; VariantName = "[No Variations]"
Add component (AddParameter): Name = "ComponentLink2URL"; Value = "https://media.digikey.com/pdf/Data%20Sheets/Cliff%20Electronic%20LTD%20PDF's/FCR7350_Drawing.pdf"; VariantName = "[No Variations]"
Add component (AddParameter): Name = "Created from"; Value = "DHufnagel"; VariantName = "[No Variations]"
Add component (AddParameter): Name = "Created On"; Value = "13.06.2022 10:18:11"; VariantName = "[No Variations]"
Add component (AddParameter): Name = "Device Package"; Value = "THT"; VariantName = "[No Variations]"
Add component (AddParameter): Name = "Last Updated"; Value = "28.06.2022 13:58:37"; VariantName = "[No Variations]"
Add component (AddParameter): Name = "Live Cycle Status"; Value = "1"; VariantName = "[No Variations]"
Add component (AddParameter): Name = "Manufacturer"; Value = "Cliff"; VariantName = "[No Variations]"
Add component (AddParameter): Name = "Manufacturer Part Number"; Value = "FCR7350B"; VariantName = "[No Variations]"
Add component (AddParameter): Name = "Minimum Order"; Value = "1"; VariantName = "[No Variations]"
Add component (AddParameter): Name = "Mounting Type"; Value = "THT"; VariantName = "[No Variations]"
Add component (AddParameter): Name = "Operating Temperature"; Value = "-40°C - 80°C"; VariantName = "[No Variations]"
Add component (AddParameter): Name = "PartID"; Value = "6"; VariantName = "[No Variations]"
Add component (AddParameter): Name = "Series"; Value = "S16N-PC"; VariantName = "[No Variations]"
Add component (AddParameter): Name = "Stock number"; Value = "not stored"; VariantName = "[No Variations]"
Add component (AddParameter): Name = "Supplier 1"; Value = "Digi-Key"; VariantName = "[No Variations]"
Add component (AddParameter): Name = "Supplier 2"; Value = "farnell"; VariantName = "[No Variations]"
Add component (AddParameter): Name = "Supplier Part Number 1"; Value = "3185-FCR7350B-ND"; VariantName = "[No Variations]"
Add component (AddParameter): Name = "Supplier Part Number 2"; Value = "1854507"; VariantName = "[No Variations]"
Add component (AddParameter): Name = "Type"; Value = "PCB mount 4mm jack, Black	FCR7350B, 1000V, 24A"; VariantName = "[No Variations]"
Add component (AddParameter): Name = "Value"; Value = "PCB mount 4mm jack, Black	FCR7350B, 1000V, 24A"; VariantName = "[No Variations]"
Added Component: Designator=LOGO1(UZ_Logo_small)
Add component (AddParameter): Name = "Component Type"; Value = "Logo"; VariantName = "[No Variations]"
Add component (AddParameter): Name = "ComponentLink1Description"; Value = "https://docs.ultrazohm.com/"; VariantName = "[No Variations]"
Add component (AddParameter): Name = "ComponentLink1URL"; Value = "homepage"; VariantName = "[No Variations]"
Add component (AddParameter): Name = "Created"; Value = "Jan2021_Liegmann"; VariantName = "[No Variations]"
Add component (AddParameter): Name = "Created from"; Value = "MGremer"; VariantName = "[No Variations]"
Add component (AddParameter): Name = "Created On"; Value = "03.11.2021 09:04:23"; VariantName = "[No Variations]"
Add component (AddParameter): Name = "Last Updated"; Value = "03.11.2021 09:05:50"; VariantName = "[No Variations]"
Add component (AddParameter): Name = "Live Cycle Status"; Value = "1"; VariantName = "[No Variations]"
Add component (AddParameter): Name = "Manufacturer"; Value = "UltraZohm"; VariantName = "[No Variations]"
Add component (AddParameter): Name = "Manufacturer Part Number"; Value = "Logo small"; VariantName = "[No Variations]"
Add component (AddParameter): Name = "PartID"; Value = "10"; VariantName = "[No Variations]"
Add component (AddParameter): Name = "Supplier 1"; Value = "-"; VariantName = "[No Variations]"
Add component (AddParameter): Name = "Supplier Part Number 1"; Value = "-"; VariantName = "[No Variations]"
Add component (AddParameter): Name = "Type"; Value = "Logo"; VariantName = "[No Variations]"
Add component (AddParameter): Name = "Value"; Value = "Logo"; VariantName = "[No Variations]"
Added Component: Designator=PS1(PEME2-24-D15-D)
Added Component: Designator=R1(RES 1206_3216)
Add component (AddParameter): Name = "Component Type"; Value = "SMD resistor"; VariantName = "[No Variations]"
Add component (AddParameter): Name = "ComponentLink1Description"; Value = "Datasheet"; VariantName = "[No Variations]"
Add component (AddParameter): Name = "ComponentLink1URL"; Value = "https://www.mouser.de/datasheet/2/315/AOA0000C307-1149632.pdf"; VariantName = "[No Variations]"
Add component (AddParameter): Name = "Created from"; Value = "TGaupp"; VariantName = "[No Variations]"
Add component (AddParameter): Name = "Created On"; Value = "08.08.2023 13:03:51"; VariantName = "[No Variations]"
Add component (AddParameter): Name = "Device Package"; Value = "1206"; VariantName = "[No Variations]"
Add component (AddParameter): Name = "Last Updated"; Value = "08.08.2023 13:03:51"; VariantName = "[No Variations]"
Add component (AddParameter): Name = "LCSC Part Number"; Value = "C2079586"; VariantName = "[No Variations]"
Add component (AddParameter): Name = "Live Cycle Status"; Value = "1"; VariantName = "[No Variations]"
Add component (AddParameter): Name = "Manufacturer"; Value = "Panasonic"; VariantName = "[No Variations]"
Add component (AddParameter): Name = "Manufacturer Part Number"; Value = "ERA-8AEB102V"; VariantName = "[No Variations]"
Add component (AddParameter): Name = "Mounting Type"; Value = "SMD"; VariantName = "[No Variations]"
Add component (AddParameter): Name = "PartID"; Value = "292"; VariantName = "[No Variations]"
Add component (AddParameter): Name = "Stock number"; Value = "not stored"; VariantName = "[No Variations]"
Add component (AddParameter): Name = "Supplier 1"; Value = "Mouser"; VariantName = "[No Variations]"
Add component (AddParameter): Name = "Supplier Part Number 1"; Value = "667-ERA-8AEB102V"; VariantName = "[No Variations]"
Add component (AddParameter): Name = "Tolerance"; Value = "0.1%"; VariantName = "[No Variations]"
Add component (AddParameter): Name = "Type"; Value = "Resistor"; VariantName = "[No Variations]"
Add component (AddParameter): Name = "Value"; Value = "1k"; VariantName = "[No Variations]"
Added Component: Designator=R2(RES 1206_3216)
Add component (AddParameter): Name = "Component Type"; Value = "SMD resistor"; VariantName = "[No Variations]"
Add component (AddParameter): Name = "ComponentLink1Description"; Value = "Datasheet"; VariantName = "[No Variations]"
Add component (AddParameter): Name = "ComponentLink1URL"; Value = "https://www.mouser.de/datasheet/2/315/AOA0000C307-1149632.pdf"; VariantName = "[No Variations]"
Add component (AddParameter): Name = "Created from"; Value = "TGaupp"; VariantName = "[No Variations]"
Add component (AddParameter): Name = "Created On"; Value = "08.08.2023 13:03:51"; VariantName = "[No Variations]"
Add component (AddParameter): Name = "Device Package"; Value = "1206"; VariantName = "[No Variations]"
Add component (AddParameter): Name = "Last Updated"; Value = "08.08.2023 13:03:51"; VariantName = "[No Variations]"
Add component (AddParameter): Name = "LCSC Part Number"; Value = "C2079586"; VariantName = "[No Variations]"
Add component (AddParameter): Name = "Live Cycle Status"; Value = "1"; VariantName = "[No Variations]"
Add component (AddParameter): Name = "Manufacturer"; Value = "Panasonic"; VariantName = "[No Variations]"
Add component (AddParameter): Name = "Manufacturer Part Number"; Value = "ERA-8AEB102V"; VariantName = "[No Variations]"
Add component (AddParameter): Name = "Mounting Type"; Value = "SMD"; VariantName = "[No Variations]"
Add component (AddParameter): Name = "PartID"; Value = "292"; VariantName = "[No Variations]"
Add component (AddParameter): Name = "Stock number"; Value = "not stored"; VariantName = "[No Variations]"
Add component (AddParameter): Name = "Supplier 1"; Value = "Mouser"; VariantName = "[No Variations]"
Add component (AddParameter): Name = "Supplier Part Number 1"; Value = "667-ERA-8AEB102V"; VariantName = "[No Variations]"
Add component (AddParameter): Name = "Tolerance"; Value = "0.1%"; VariantName = "[No Variations]"
Add component (AddParameter): Name = "Type"; Value = "Resistor"; VariantName = "[No Variations]"
Add component (AddParameter): Name = "Value"; Value = "1k"; VariantName = "[No Variations]"
Added Component: Designator=R3(RES 0603_1608)
Add component (AddParameter): Name = "Component Type"; Value = "SMD resistor"; VariantName = "[No Variations]"
Add component (AddParameter): Name = "ComponentLink1Description"; Value = "Datasheet"; VariantName = "[No Variations]"
Add component (AddParameter): Name = "ComponentLink1URL"; Value = "https://datasheet.lcsc.com/lcsc/2304140030_YAGEO-RC0603FR-0749R9L_C114625.pdf"; VariantName = "[No Variations]"
Add component (AddParameter): Name = "Created from"; Value = "AGeiger"; VariantName = "[No Variations]"
Add component (AddParameter): Name = "Created On"; Value = "14.06.2023 17:42:26"; VariantName = "[No Variations]"
Add component (AddParameter): Name = "Device Package"; Value = "0603"; VariantName = "[No Variations]"
Add component (AddParameter): Name = "Last Updated"; Value = "14.06.2023 17:42:26"; VariantName = "[No Variations]"
Add component (AddParameter): Name = "LCSC Part Number"; Value = "C114625"; VariantName = "[No Variations]"
Add component (AddParameter): Name = "Live Cycle Status"; Value = "1"; VariantName = "[No Variations]"
Add component (AddParameter): Name = "Manufacturer"; Value = "YAGEO"; VariantName = "[No Variations]"
Add component (AddParameter): Name = "Manufacturer Part Number"; Value = "RC0603FR-0749R9L"; VariantName = "[No Variations]"
Add component (AddParameter): Name = "Mounting Type"; Value = "SMD"; VariantName = "[No Variations]"
Add component (AddParameter): Name = "PartID"; Value = "277"; VariantName = "[No Variations]"
Add component (AddParameter): Name = "Supplier 1"; Value = "LCSC"; VariantName = "[No Variations]"
Add component (AddParameter): Name = "Supplier Part Number 1"; Value = "C114625"; VariantName = "[No Variations]"
Add component (AddParameter): Name = "Tolerance"; Value = "1%"; VariantName = "[No Variations]"
Add component (AddParameter): Name = "Type"; Value = "Resistor"; VariantName = "[No Variations]"
Add component (AddParameter): Name = "Value"; Value = "49R9"; VariantName = "[No Variations]"
Added Component: Designator=R4(RES 1206_3216)
Add component (AddParameter): Name = "Component Type"; Value = "SMD resistor"; VariantName = "[No Variations]"
Add component (AddParameter): Name = "ComponentLink1Description"; Value = "Datasheet"; VariantName = "[No Variations]"
Add component (AddParameter): Name = "ComponentLink1URL"; Value = "https://www.mouser.de/datasheet/2/315/AOA0000C307-1149632.pdf"; VariantName = "[No Variations]"
Add component (AddParameter): Name = "Created from"; Value = "TGaupp"; VariantName = "[No Variations]"
Add component (AddParameter): Name = "Created On"; Value = "08.08.2023 13:03:51"; VariantName = "[No Variations]"
Add component (AddParameter): Name = "Device Package"; Value = "1206"; VariantName = "[No Variations]"
Add component (AddParameter): Name = "Last Updated"; Value = "08.08.2023 13:03:51"; VariantName = "[No Variations]"
Add component (AddParameter): Name = "LCSC Part Number"; Value = "C2079586"; VariantName = "[No Variations]"
Add component (AddParameter): Name = "Live Cycle Status"; Value = "1"; VariantName = "[No Variations]"
Add component (AddParameter): Name = "Manufacturer"; Value = "Panasonic"; VariantName = "[No Variations]"
Add component (AddParameter): Name = "Manufacturer Part Number"; Value = "ERA-8AEB102V"; VariantName = "[No Variations]"
Add component (AddParameter): Name = "Mounting Type"; Value = "SMD"; VariantName = "[No Variations]"
Add component (AddParameter): Name = "PartID"; Value = "292"; VariantName = "[No Variations]"
Add component (AddParameter): Name = "Stock number"; Value = "not stored"; VariantName = "[No Variations]"
Add component (AddParameter): Name = "Supplier 1"; Value = "Mouser"; VariantName = "[No Variations]"
Add component (AddParameter): Name = "Supplier Part Number 1"; Value = "667-ERA-8AEB102V"; VariantName = "[No Variations]"
Add component (AddParameter): Name = "Tolerance"; Value = "0.1%"; VariantName = "[No Variations]"
Add component (AddParameter): Name = "Type"; Value = "Resistor"; VariantName = "[No Variations]"
Add component (AddParameter): Name = "Value"; Value = "1k"; VariantName = "[No Variations]"
Added Component: Designator=R5(RES 0603_1608)
Add component (AddParameter): Name = "Component Type"; Value = "SMD resistor"; VariantName = "[No Variations]"
Add component (AddParameter): Name = "ComponentLink1Description"; Value = "Datasheet"; VariantName = "[No Variations]"
Add component (AddParameter): Name = "ComponentLink1URL"; Value = "https://datasheet.lcsc.com/lcsc/2304140030_YAGEO-RC0603FR-0749R9L_C114625.pdf"; VariantName = "[No Variations]"
Add component (AddParameter): Name = "Created from"; Value = "AGeiger"; VariantName = "[No Variations]"
Add component (AddParameter): Name = "Created On"; Value = "14.06.2023 17:42:26"; VariantName = "[No Variations]"
Add component (AddParameter): Name = "Device Package"; Value = "0603"; VariantName = "[No Variations]"
Add component (AddParameter): Name = "Last Updated"; Value = "14.06.2023 17:42:26"; VariantName = "[No Variations]"
Add component (AddParameter): Name = "LCSC Part Number"; Value = "C114625"; VariantName = "[No Variations]"
Add component (AddParameter): Name = "Live Cycle Status"; Value = "1"; VariantName = "[No Variations]"
Add component (AddParameter): Name = "Manufacturer"; Value = "YAGEO"; VariantName = "[No Variations]"
Add component (AddParameter): Name = "Manufacturer Part Number"; Value = "RC0603FR-0749R9L"; VariantName = "[No Variations]"
Add component (AddParameter): Name = "Mounting Type"; Value = "SMD"; VariantName = "[No Variations]"
Add component (AddParameter): Name = "PartID"; Value = "277"; VariantName = "[No Variations]"
Add component (AddParameter): Name = "Supplier 1"; Value = "LCSC"; VariantName = "[No Variations]"
Add component (AddParameter): Name = "Supplier Part Number 1"; Value = "C114625"; VariantName = "[No Variations]"
Add component (AddParameter): Name = "Tolerance"; Value = "1%"; VariantName = "[No Variations]"
Add component (AddParameter): Name = "Type"; Value = "Resistor"; VariantName = "[No Variations]"
Add component (AddParameter): Name = "Value"; Value = "49R9"; VariantName = "[No Variations]"
Added Component: Designator=R6(RES 1206_3216)
Add component (AddParameter): Name = "Component Type"; Value = "SMD resistor"; VariantName = "[No Variations]"
Add component (AddParameter): Name = "ComponentLink1Description"; Value = "Datasheet"; VariantName = "[No Variations]"
Add component (AddParameter): Name = "ComponentLink1URL"; Value = "https://www.mouser.de/datasheet/2/315/AOA0000C307-1149632.pdf"; VariantName = "[No Variations]"
Add component (AddParameter): Name = "Created from"; Value = "TGaupp"; VariantName = "[No Variations]"
Add component (AddParameter): Name = "Created On"; Value = "08.08.2023 13:03:51"; VariantName = "[No Variations]"
Add component (AddParameter): Name = "Device Package"; Value = "1206"; VariantName = "[No Variations]"
Add component (AddParameter): Name = "Last Updated"; Value = "08.08.2023 13:03:51"; VariantName = "[No Variations]"
Add component (AddParameter): Name = "LCSC Part Number"; Value = "C2079586"; VariantName = "[No Variations]"
Add component (AddParameter): Name = "Live Cycle Status"; Value = "1"; VariantName = "[No Variations]"
Add component (AddParameter): Name = "Manufacturer"; Value = "Panasonic"; VariantName = "[No Variations]"
Add component (AddParameter): Name = "Manufacturer Part Number"; Value = "ERA-8AEB102V"; VariantName = "[No Variations]"
Add component (AddParameter): Name = "Mounting Type"; Value = "SMD"; VariantName = "[No Variations]"
Add component (AddParameter): Name = "PartID"; Value = "292"; VariantName = "[No Variations]"
Add component (AddParameter): Name = "Stock number"; Value = "not stored"; VariantName = "[No Variations]"
Add component (AddParameter): Name = "Supplier 1"; Value = "Mouser"; VariantName = "[No Variations]"
Add component (AddParameter): Name = "Supplier Part Number 1"; Value = "667-ERA-8AEB102V"; VariantName = "[No Variations]"
Add component (AddParameter): Name = "Tolerance"; Value = "0.1%"; VariantName = "[No Variations]"
Add component (AddParameter): Name = "Type"; Value = "Resistor"; VariantName = "[No Variations]"
Add component (AddParameter): Name = "Value"; Value = "1k"; VariantName = "[No Variations]"
Added Component: Designator=R7(RES 1206_3216)
Add component (AddParameter): Name = "Component Type"; Value = "SMD resistor"; VariantName = "[No Variations]"
Add component (AddParameter): Name = "ComponentLink1Description"; Value = "Datasheet"; VariantName = "[No Variations]"
Add component (AddParameter): Name = "ComponentLink1URL"; Value = "https://www.mouser.de/datasheet/2/392/n_catalog_partition24_en-948804.pdf"; VariantName = "[No Variations]"
Add component (AddParameter): Name = "Created from"; Value = "TGaupp"; VariantName = "[No Variations]"
Add component (AddParameter): Name = "Created On"; Value = "19.02.2024 11:56:49"; VariantName = "[No Variations]"
Add component (AddParameter): Name = "Device Package"; Value = "1206"; VariantName = "[No Variations]"
Add component (AddParameter): Name = "Last Updated"; Value = "19.02.2024 11:56:49"; VariantName = "[No Variations]"
Add component (AddParameter): Name = "Live Cycle Status"; Value = "1"; VariantName = "[No Variations]"
Add component (AddParameter): Name = "Manufacturer"; Value = "Susumu"; VariantName = "[No Variations]"
Add component (AddParameter): Name = "Manufacturer Part Number"; Value = "HRG3216Q-20R0-D-T1"; VariantName = "[No Variations]"
Add component (AddParameter): Name = "Mounting Type"; Value = "SMD"; VariantName = "[No Variations]"
Add component (AddParameter): Name = "PartID"; Value = "324"; VariantName = "[No Variations]"
Add component (AddParameter): Name = "Stock number"; Value = "not stored"; VariantName = "[No Variations]"
Add component (AddParameter): Name = "Supplier 1"; Value = "Mouser"; VariantName = "[No Variations]"
Add component (AddParameter): Name = "Supplier Part Number 1"; Value = "754-HRG3216Q20R0DT1"; VariantName = "[No Variations]"
Add component (AddParameter): Name = "Tolerance"; Value = "0.5%"; VariantName = "[No Variations]"
Add component (AddParameter): Name = "Type"; Value = "Resistor"; VariantName = "[No Variations]"
Add component (AddParameter): Name = "Value"; Value = "20R"; VariantName = "[No Variations]"
Added Component: Designator=R8(RES 0603_1608)
Add component (AddParameter): Name = "Component Type"; Value = "SMD resistor"; VariantName = "[No Variations]"
Add component (AddParameter): Name = "ComponentLink1Description"; Value = "Datasheet"; VariantName = "[No Variations]"
Add component (AddParameter): Name = "ComponentLink1URL"; Value = "https://www.mouser.de/datasheet/2/447/PYu-RC_Group_51_RoHS_L_10-1664068.pdf"; VariantName = "[No Variations]"
Add component (AddParameter): Name = "Created from"; Value = "MGremer"; VariantName = "[No Variations]"
Add component (AddParameter): Name = "Created On"; Value = "14.12.2020 16:17:14"; VariantName = "[No Variations]"
Add component (AddParameter): Name = "Device Package"; Value = "0603"; VariantName = "[No Variations]"
Add component (AddParameter): Name = "Last Updated"; Value = "04.03.2021 09:09:42"; VariantName = "[No Variations]"
Add component (AddParameter): Name = "LCSC Part Number"; Value = "C21189"; VariantName = "[No Variations]"
Add component (AddParameter): Name = "Live Cycle Status"; Value = "1"; VariantName = "[No Variations]"
Add component (AddParameter): Name = "Manufacturer"; Value = "YAGEO"; VariantName = "[No Variations]"
Add component (AddParameter): Name = "Manufacturer Part Number"; Value = "RC0603JR-070RL"; VariantName = "[No Variations]"
Add component (AddParameter): Name = "Mounting Type"; Value = "SMD"; VariantName = "[No Variations]"
Add component (AddParameter): Name = "PartID"; Value = "1"; VariantName = "[No Variations]"
Add component (AddParameter): Name = "Stock number"; Value = "Labor SMD Container"; VariantName = "[No Variations]"
Add component (AddParameter): Name = "Supplier 1"; Value = "Mouser"; VariantName = "[No Variations]"
Add component (AddParameter): Name = "Supplier 2"; Value = "LCSC"; VariantName = "[No Variations]"
Add component (AddParameter): Name = "Supplier Part Number 1"; Value = "603-RC0603JR-070RL"; VariantName = "[No Variations]"
Add component (AddParameter): Name = "Supplier Part Number 2"; Value = "C21189"; VariantName = "[No Variations]"
Add component (AddParameter): Name = "Tolerance"; Value = "5%"; VariantName = "[No Variations]"
Add component (AddParameter): Name = "Type"; Value = "Resistor"; VariantName = "[No Variations]"
Add component (AddParameter): Name = "Value"; Value = "0R"; VariantName = "[No Variations]"
Added Component: Designator=R9(RES 0603_1608)
Add component (AddParameter): Name = "Component Type"; Value = "SMD resistor"; VariantName = "[No Variations]"
Add component (AddParameter): Name = "ComponentLink1Description"; Value = "Datasheet"; VariantName = "[No Variations]"
Add component (AddParameter): Name = "ComponentLink1URL"; Value = "https://www.mouser.de/datasheet/2/447/PYu-RC_Group_51_RoHS_L_10-1664068.pdf"; VariantName = "[No Variations]"
Add component (AddParameter): Name = "Created from"; Value = "MGremer"; VariantName = "[No Variations]"
Add component (AddParameter): Name = "Created On"; Value = "14.12.2020 16:17:14"; VariantName = "[No Variations]"
Add component (AddParameter): Name = "Device Package"; Value = "0603"; VariantName = "[No Variations]"
Add component (AddParameter): Name = "Last Updated"; Value = "04.03.2021 09:09:42"; VariantName = "[No Variations]"
Add component (AddParameter): Name = "LCSC Part Number"; Value = "C21189"; VariantName = "[No Variations]"
Add component (AddParameter): Name = "Live Cycle Status"; Value = "1"; VariantName = "[No Variations]"
Add component (AddParameter): Name = "Manufacturer"; Value = "YAGEO"; VariantName = "[No Variations]"
Add component (AddParameter): Name = "Manufacturer Part Number"; Value = "RC0603JR-070RL"; VariantName = "[No Variations]"
Add component (AddParameter): Name = "Mounting Type"; Value = "SMD"; VariantName = "[No Variations]"
Add component (AddParameter): Name = "PartID"; Value = "1"; VariantName = "[No Variations]"
Add component (AddParameter): Name = "Stock number"; Value = "Labor SMD Container"; VariantName = "[No Variations]"
Add component (AddParameter): Name = "Supplier 1"; Value = "Mouser"; VariantName = "[No Variations]"
Add component (AddParameter): Name = "Supplier 2"; Value = "LCSC"; VariantName = "[No Variations]"
Add component (AddParameter): Name = "Supplier Part Number 1"; Value = "603-RC0603JR-070RL"; VariantName = "[No Variations]"
Add component (AddParameter): Name = "Supplier Part Number 2"; Value = "C21189"; VariantName = "[No Variations]"
Add component (AddParameter): Name = "Tolerance"; Value = "5%"; VariantName = "[No Variations]"
Add component (AddParameter): Name = "Type"; Value = "Resistor"; VariantName = "[No Variations]"
Add component (AddParameter): Name = "Value"; Value = "0R"; VariantName = "[No Variations]"
Added Component: Designator=R10(RES 0603_1608)
Add component (AddParameter): Name = "Component Type"; Value = "SMD resistor"; VariantName = "[No Variations]"
Add component (AddParameter): Name = "ComponentLink1Description"; Value = "Datasheet"; VariantName = "[No Variations]"
Add component (AddParameter): Name = "ComponentLink1URL"; Value = "https://www.mouser.de/datasheet/2/447/PYu-RC_Group_51_RoHS_L_10-1664068.pdf"; VariantName = "[No Variations]"
Add component (AddParameter): Name = "Created from"; Value = "MGremer"; VariantName = "[No Variations]"
Add component (AddParameter): Name = "Created On"; Value = "14.12.2020 16:17:14"; VariantName = "[No Variations]"
Add component (AddParameter): Name = "Device Package"; Value = "0603"; VariantName = "[No Variations]"
Add component (AddParameter): Name = "Last Updated"; Value = "04.03.2021 09:09:42"; VariantName = "[No Variations]"
Add component (AddParameter): Name = "LCSC Part Number"; Value = "C21189"; VariantName = "[No Variations]"
Add component (AddParameter): Name = "Live Cycle Status"; Value = "1"; VariantName = "[No Variations]"
Add component (AddParameter): Name = "Manufacturer"; Value = "YAGEO"; VariantName = "[No Variations]"
Add component (AddParameter): Name = "Manufacturer Part Number"; Value = "RC0603JR-070RL"; VariantName = "[No Variations]"
Add component (AddParameter): Name = "Mounting Type"; Value = "SMD"; VariantName = "[No Variations]"
Add component (AddParameter): Name = "PartID"; Value = "1"; VariantName = "[No Variations]"
Add component (AddParameter): Name = "Stock number"; Value = "Labor SMD Container"; VariantName = "[No Variations]"
Add component (AddParameter): Name = "Supplier 1"; Value = "Mouser"; VariantName = "[No Variations]"
Add component (AddParameter): Name = "Supplier 2"; Value = "LCSC"; VariantName = "[No Variations]"
Add component (AddParameter): Name = "Supplier Part Number 1"; Value = "603-RC0603JR-070RL"; VariantName = "[No Variations]"
Add component (AddParameter): Name = "Supplier Part Number 2"; Value = "C21189"; VariantName = "[No Variations]"
Add component (AddParameter): Name = "Tolerance"; Value = "5%"; VariantName = "[No Variations]"
Add component (AddParameter): Name = "Type"; Value = "Resistor"; VariantName = "[No Variations]"
Add component (AddParameter): Name = "Value"; Value = "0R"; VariantName = "[No Variations]"
Added Component: Designator=R11(RES 0603_1608)
Add component (AddParameter): Name = "Component Type"; Value = "SMD resistor"; VariantName = "[No Variations]"
Add component (AddParameter): Name = "ComponentLink1Description"; Value = "Datasheet"; VariantName = "[No Variations]"
Add component (AddParameter): Name = "ComponentLink1URL"; Value = "https://www.mouser.de/datasheet/2/447/PYu-RC_Group_51_RoHS_L_10-1664068.pdf"; VariantName = "[No Variations]"
Add component (AddParameter): Name = "Created from"; Value = "MGremer"; VariantName = "[No Variations]"
Add component (AddParameter): Name = "Created On"; Value = "14.12.2020 16:17:14"; VariantName = "[No Variations]"
Add component (AddParameter): Name = "Device Package"; Value = "0603"; VariantName = "[No Variations]"
Add component (AddParameter): Name = "Last Updated"; Value = "04.03.2021 09:09:42"; VariantName = "[No Variations]"
Add component (AddParameter): Name = "LCSC Part Number"; Value = "C21189"; VariantName = "[No Variations]"
Add component (AddParameter): Name = "Live Cycle Status"; Value = "1"; VariantName = "[No Variations]"
Add component (AddParameter): Name = "Manufacturer"; Value = "YAGEO"; VariantName = "[No Variations]"
Add component (AddParameter): Name = "Manufacturer Part Number"; Value = "RC0603JR-070RL"; VariantName = "[No Variations]"
Add component (AddParameter): Name = "Mounting Type"; Value = "SMD"; VariantName = "[No Variations]"
Add component (AddParameter): Name = "PartID"; Value = "1"; VariantName = "[No Variations]"
Add component (AddParameter): Name = "Stock number"; Value = "Labor SMD Container"; VariantName = "[No Variations]"
Add component (AddParameter): Name = "Supplier 1"; Value = "Mouser"; VariantName = "[No Variations]"
Add component (AddParameter): Name = "Supplier 2"; Value = "LCSC"; VariantName = "[No Variations]"
Add component (AddParameter): Name = "Supplier Part Number 1"; Value = "603-RC0603JR-070RL"; VariantName = "[No Variations]"
Add component (AddParameter): Name = "Supplier Part Number 2"; Value = "C21189"; VariantName = "[No Variations]"
Add component (AddParameter): Name = "Tolerance"; Value = "5%"; VariantName = "[No Variations]"
Add component (AddParameter): Name = "Type"; Value = "Resistor"; VariantName = "[No Variations]"
Add component (AddParameter): Name = "Value"; Value = "0R"; VariantName = "[No Variations]"
Added Component: Designator=R12(RES 0603_1608)
Add component (AddParameter): Name = "Component Type"; Value = "SMD resistor"; VariantName = "[No Variations]"
Add component (AddParameter): Name = "ComponentLink1Description"; Value = "Datasheet"; VariantName = "[No Variations]"
Add component (AddParameter): Name = "ComponentLink1URL"; Value = "https://www.vishay.com/docs/28758/tnpw_e3.pdf"; VariantName = "[No Variations]"
Add component (AddParameter): Name = "Created from"; Value = "TGaupp"; VariantName = "[No Variations]"
Add component (AddParameter): Name = "Created On"; Value = "19.02.2024 13:30:45"; VariantName = "[No Variations]"
Add component (AddParameter): Name = "Device Package"; Value = "0603"; VariantName = "[No Variations]"
Add component (AddParameter): Name = "Last Updated"; Value = "19.02.2024 13:30:45"; VariantName = "[No Variations]"
Add component (AddParameter): Name = "Live Cycle Status"; Value = "1"; VariantName = "[No Variations]"
Add component (AddParameter): Name = "Manufacturer"; Value = "Vishay"; VariantName = "[No Variations]"
Add component (AddParameter): Name = "Manufacturer Part Number"; Value = "TNPW060337K0BEEA"; VariantName = "[No Variations]"
Add component (AddParameter): Name = "Mounting Type"; Value = "SMD"; VariantName = "[No Variations]"
Add component (AddParameter): Name = "PartID"; Value = "325"; VariantName = "[No Variations]"
Add component (AddParameter): Name = "Stock number"; Value = "not stored"; VariantName = "[No Variations]"
Add component (AddParameter): Name = "Supplier 1"; Value = "Mouser"; VariantName = "[No Variations]"
Add component (AddParameter): Name = "Supplier Part Number 1"; Value = "71-TNPW060337K0BEEA"; VariantName = "[No Variations]"
Add component (AddParameter): Name = "Tolerance"; Value = "0.1%"; VariantName = "[No Variations]"
Add component (AddParameter): Name = "Type"; Value = "Resistor"; VariantName = "[No Variations]"
Add component (AddParameter): Name = "Value"; Value = "37k"; VariantName = "[No Variations]"
Added Component: Designator=R13(RES 0603_1608)
Add component (AddParameter): Name = "Component Type"; Value = "SMD resistor"; VariantName = "[No Variations]"
Add component (AddParameter): Name = "ComponentLink1Description"; Value = "Datasheet"; VariantName = "[No Variations]"
Add component (AddParameter): Name = "ComponentLink1URL"; Value = "https://datasheet.lcsc.com/lcsc/2011191435_Viking-Tech-AR03BTCX1001_C304069.pdf"; VariantName = "[No Variations]"
Add component (AddParameter): Name = "Created from"; Value = "AGeiger"; VariantName = "[No Variations]"
Add component (AddParameter): Name = "Created On"; Value = "03.09.2022 10:12:43"; VariantName = "[No Variations]"
Add component (AddParameter): Name = "Device Package"; Value = "0603"; VariantName = "[No Variations]"
Add component (AddParameter): Name = "Last Updated"; Value = "03.09.2022 10:12:43"; VariantName = "[No Variations]"
Add component (AddParameter): Name = "LCSC Part Number"; Value = "C304069"; VariantName = "[No Variations]"
Add component (AddParameter): Name = "Live Cycle Status"; Value = "1"; VariantName = "[No Variations]"
Add component (AddParameter): Name = "Manufacturer"; Value = "Viking Tech"; VariantName = "[No Variations]"
Add component (AddParameter): Name = "Manufacturer Part Number"; Value = "AR03BTCX1001"; VariantName = "[No Variations]"
Add component (AddParameter): Name = "Mounting Type"; Value = "SMD"; VariantName = "[No Variations]"
Add component (AddParameter): Name = "PartID"; Value = "240"; VariantName = "[No Variations]"
Add component (AddParameter): Name = "Supplier 1"; Value = "LCSC"; VariantName = "[No Variations]"
Add component (AddParameter): Name = "Supplier Part Number 1"; Value = "C304069"; VariantName = "[No Variations]"
Add component (AddParameter): Name = "Tolerance"; Value = "0.1%"; VariantName = "[No Variations]"
Add component (AddParameter): Name = "Type"; Value = "Resistor"; VariantName = "[No Variations]"
Add component (AddParameter): Name = "Value"; Value = "1k"; VariantName = "[No Variations]"
Added Component: Designator=R14(RES 0603_1608)
Add component (AddParameter): Name = "Component Type"; Value = "SMD resistor"; VariantName = "[No Variations]"
Add component (AddParameter): Name = "ComponentLink1Description"; Value = "Datasheet"; VariantName = "[No Variations]"
Add component (AddParameter): Name = "ComponentLink1URL"; Value = "https://www.mouser.de/datasheet/2/315/AOA0000C307-1149632.pdf"; VariantName = "[No Variations]"
Add component (AddParameter): Name = "Created from"; Value = "DHufnagel"; VariantName = "[No Variations]"
Add component (AddParameter): Name = "Created On"; Value = "14.12.2020 16:17:14"; VariantName = "[No Variations]"
Add component (AddParameter): Name = "Device Package"; Value = "0603"; VariantName = "[No Variations]"
Add component (AddParameter): Name = "Last Updated"; Value = "25.07.2022 10:07:28"; VariantName = "[No Variations]"
Add component (AddParameter): Name = "Live Cycle Status"; Value = "1"; VariantName = "[No Variations]"
Add component (AddParameter): Name = "Manufacturer"; Value = "Panasonic"; VariantName = "[No Variations]"
Add component (AddParameter): Name = "Manufacturer Part Number"; Value = "ERA-3ARB103V"; VariantName = "[No Variations]"
Add component (AddParameter): Name = "Mounting Type"; Value = "SMD"; VariantName = "[No Variations]"
Add component (AddParameter): Name = "PartID"; Value = "217"; VariantName = "[No Variations]"
Add component (AddParameter): Name = "Stock number"; Value = "not stored"; VariantName = "[No Variations]"
Add component (AddParameter): Name = "Supplier 1"; Value = "Mouser"; VariantName = "[No Variations]"
Add component (AddParameter): Name = "Supplier Part Number 1"; Value = "667-ERA-3ARB103V"; VariantName = "[No Variations]"
Add component (AddParameter): Name = "Tolerance"; Value = "0.1%"; VariantName = "[No Variations]"
Add component (AddParameter): Name = "Type"; Value = "Resistor"; VariantName = "[No Variations]"
Add component (AddParameter): Name = "Value"; Value = "10k"; VariantName = "[No Variations]"
Added Component: Designator=R15(RES 0603_1608)
Add component (AddParameter): Name = "Component Type"; Value = "SMD resistor"; VariantName = "[No Variations]"
Add component (AddParameter): Name = "ComponentLink1Description"; Value = "Datasheet"; VariantName = "[No Variations]"
Add component (AddParameter): Name = "ComponentLink1URL"; Value = "https://www.vishay.com/docs/28758/tnpw_e3.pdf"; VariantName = "[No Variations]"
Add component (AddParameter): Name = "Created from"; Value = "TGaupp"; VariantName = "[No Variations]"
Add component (AddParameter): Name = "Created On"; Value = "19.02.2024 13:30:45"; VariantName = "[No Variations]"
Add component (AddParameter): Name = "Device Package"; Value = "0603"; VariantName = "[No Variations]"
Add component (AddParameter): Name = "Last Updated"; Value = "19.02.2024 13:30:45"; VariantName = "[No Variations]"
Add component (AddParameter): Name = "Live Cycle Status"; Value = "1"; VariantName = "[No Variations]"
Add component (AddParameter): Name = "Manufacturer"; Value = "Vishay"; VariantName = "[No Variations]"
Add component (AddParameter): Name = "Manufacturer Part Number"; Value = "TNPW060337K0BEEA"; VariantName = "[No Variations]"
Add component (AddParameter): Name = "Mounting Type"; Value = "SMD"; VariantName = "[No Variations]"
Add component (AddParameter): Name = "PartID"; Value = "325"; VariantName = "[No Variations]"
Add component (AddParameter): Name = "Stock number"; Value = "not stored"; VariantName = "[No Variations]"
Add component (AddParameter): Name = "Supplier 1"; Value = "Mouser"; VariantName = "[No Variations]"
Add component (AddParameter): Name = "Supplier Part Number 1"; Value = "71-TNPW060337K0BEEA"; VariantName = "[No Variations]"
Add component (AddParameter): Name = "Tolerance"; Value = "0.1%"; VariantName = "[No Variations]"
Add component (AddParameter): Name = "Type"; Value = "Resistor"; VariantName = "[No Variations]"
Add component (AddParameter): Name = "Value"; Value = "37k"; VariantName = "[No Variations]"
Added Component: Designator=R16(RES 0603_1608)
Add component (AddParameter): Name = "Component Type"; Value = "SMD resistor"; VariantName = "[No Variations]"
Add component (AddParameter): Name = "ComponentLink1Description"; Value = "Datasheet"; VariantName = "[No Variations]"
Add component (AddParameter): Name = "ComponentLink1URL"; Value = "https://datasheet.lcsc.com/lcsc/2011191435_Viking-Tech-AR03BTCX1001_C304069.pdf"; VariantName = "[No Variations]"
Add component (AddParameter): Name = "Created from"; Value = "AGeiger"; VariantName = "[No Variations]"
Add component (AddParameter): Name = "Created On"; Value = "03.09.2022 10:12:43"; VariantName = "[No Variations]"
Add component (AddParameter): Name = "Device Package"; Value = "0603"; VariantName = "[No Variations]"
Add component (AddParameter): Name = "Last Updated"; Value = "03.09.2022 10:12:43"; VariantName = "[No Variations]"
Add component (AddParameter): Name = "LCSC Part Number"; Value = "C304069"; VariantName = "[No Variations]"
Add component (AddParameter): Name = "Live Cycle Status"; Value = "1"; VariantName = "[No Variations]"
Add component (AddParameter): Name = "Manufacturer"; Value = "Viking Tech"; VariantName = "[No Variations]"
Add component (AddParameter): Name = "Manufacturer Part Number"; Value = "AR03BTCX1001"; VariantName = "[No Variations]"
Add component (AddParameter): Name = "Mounting Type"; Value = "SMD"; VariantName = "[No Variations]"
Add component (AddParameter): Name = "PartID"; Value = "240"; VariantName = "[No Variations]"
Add component (AddParameter): Name = "Supplier 1"; Value = "LCSC"; VariantName = "[No Variations]"
Add component (AddParameter): Name = "Supplier Part Number 1"; Value = "C304069"; VariantName = "[No Variations]"
Add component (AddParameter): Name = "Tolerance"; Value = "0.1%"; VariantName = "[No Variations]"
Add component (AddParameter): Name = "Type"; Value = "Resistor"; VariantName = "[No Variations]"
Add component (AddParameter): Name = "Value"; Value = "1k"; VariantName = "[No Variations]"
Added Component: Designator=R17(RES 0603_1608)
Add component (AddParameter): Name = "Component Type"; Value = "SMD resistor"; VariantName = "[No Variations]"
Add component (AddParameter): Name = "ComponentLink1Description"; Value = "Datasheet"; VariantName = "[No Variations]"
Add component (AddParameter): Name = "ComponentLink1URL"; Value = "https://www.mouser.de/datasheet/2/315/AOA0000C307-1149632.pdf"; VariantName = "[No Variations]"
Add component (AddParameter): Name = "Created from"; Value = "DHufnagel"; VariantName = "[No Variations]"
Add component (AddParameter): Name = "Created On"; Value = "14.12.2020 16:17:14"; VariantName = "[No Variations]"
Add component (AddParameter): Name = "Device Package"; Value = "0603"; VariantName = "[No Variations]"
Add component (AddParameter): Name = "Last Updated"; Value = "25.07.2022 10:07:28"; VariantName = "[No Variations]"
Add component (AddParameter): Name = "Live Cycle Status"; Value = "1"; VariantName = "[No Variations]"
Add component (AddParameter): Name = "Manufacturer"; Value = "Panasonic"; VariantName = "[No Variations]"
Add component (AddParameter): Name = "Manufacturer Part Number"; Value = "ERA-3ARB103V"; VariantName = "[No Variations]"
Add component (AddParameter): Name = "Mounting Type"; Value = "SMD"; VariantName = "[No Variations]"
Add component (AddParameter): Name = "PartID"; Value = "217"; VariantName = "[No Variations]"
Add component (AddParameter): Name = "Stock number"; Value = "not stored"; VariantName = "[No Variations]"
Add component (AddParameter): Name = "Supplier 1"; Value = "Mouser"; VariantName = "[No Variations]"
Add component (AddParameter): Name = "Supplier Part Number 1"; Value = "667-ERA-3ARB103V"; VariantName = "[No Variations]"
Add component (AddParameter): Name = "Tolerance"; Value = "0.1%"; VariantName = "[No Variations]"
Add component (AddParameter): Name = "Type"; Value = "Resistor"; VariantName = "[No Variations]"
Add component (AddParameter): Name = "Value"; Value = "10k"; VariantName = "[No Variations]"
Added Component: Designator=R18(RES 0603_1608)
Add component (AddParameter): Name = "Component Type"; Value = "SMD resistor"; VariantName = "[No Variations]"
Add component (AddParameter): Name = "ComponentLink1Description"; Value = "Datasheet"; VariantName = "[No Variations]"
Add component (AddParameter): Name = "ComponentLink1URL"; Value = "https://www.mouser.de/datasheet/2/447/PYu-RC_Group_51_RoHS_L_10-1664068.pdf"; VariantName = "[No Variations]"
Add component (AddParameter): Name = "Created from"; Value = "MGremer"; VariantName = "[No Variations]"
Add component (AddParameter): Name = "Created On"; Value = "14.12.2020 16:17:14"; VariantName = "[No Variations]"
Add component (AddParameter): Name = "Device Package"; Value = "0603"; VariantName = "[No Variations]"
Add component (AddParameter): Name = "Last Updated"; Value = "04.03.2021 09:09:42"; VariantName = "[No Variations]"
Add component (AddParameter): Name = "LCSC Part Number"; Value = "C21189"; VariantName = "[No Variations]"
Add component (AddParameter): Name = "Live Cycle Status"; Value = "1"; VariantName = "[No Variations]"
Add component (AddParameter): Name = "Manufacturer"; Value = "YAGEO"; VariantName = "[No Variations]"
Add component (AddParameter): Name = "Manufacturer Part Number"; Value = "RC0603JR-070RL"; VariantName = "[No Variations]"
Add component (AddParameter): Name = "Mounting Type"; Value = "SMD"; VariantName = "[No Variations]"
Add component (AddParameter): Name = "PartID"; Value = "1"; VariantName = "[No Variations]"
Add component (AddParameter): Name = "Stock number"; Value = "Labor SMD Container"; VariantName = "[No Variations]"
Add component (AddParameter): Name = "Supplier 1"; Value = "Mouser"; VariantName = "[No Variations]"
Add component (AddParameter): Name = "Supplier 2"; Value = "LCSC"; VariantName = "[No Variations]"
Add component (AddParameter): Name = "Supplier Part Number 1"; Value = "603-RC0603JR-070RL"; VariantName = "[No Variations]"
Add component (AddParameter): Name = "Supplier Part Number 2"; Value = "C21189"; VariantName = "[No Variations]"
Add component (AddParameter): Name = "Tolerance"; Value = "5%"; VariantName = "[No Variations]"
Add component (AddParameter): Name = "Type"; Value = "Resistor"; VariantName = "[No Variations]"
Add component (AddParameter): Name = "Value"; Value = "0R"; VariantName = "[No Variations]"
Added Component: Designator=R19(RES 1206_3216)
Add component (AddParameter): Name = "Component Type"; Value = "SMD resistor"; VariantName = "[No Variations]"
Add component (AddParameter): Name = "ComponentLink1Description"; Value = "Datasheet"; VariantName = "[No Variations]"
Add component (AddParameter): Name = "ComponentLink1URL"; Value = "https://www.vishay.com/docs/28758/tnpw_e3.pdf"; VariantName = "[No Variations]"
Add component (AddParameter): Name = "Created from"; Value = "TGaupp"; VariantName = "[No Variations]"
Add component (AddParameter): Name = "Created On"; Value = "12.02.2024 09:48:36"; VariantName = "[No Variations]"
Add component (AddParameter): Name = "Device Package"; Value = "1206"; VariantName = "[No Variations]"
Add component (AddParameter): Name = "Last Updated"; Value = "12.02.2024 09:48:36"; VariantName = "[No Variations]"
Add component (AddParameter): Name = "Live Cycle Status"; Value = "1"; VariantName = "[No Variations]"
Add component (AddParameter): Name = "Manufacturer"; Value = "Vishay"; VariantName = "[No Variations]"
Add component (AddParameter): Name = "Manufacturer Part Number"; Value = "TNPW12062K00BEEA"; VariantName = "[No Variations]"
Add component (AddParameter): Name = "Mounting Type"; Value = "SMD"; VariantName = "[No Variations]"
Add component (AddParameter): Name = "PartID"; Value = "323"; VariantName = "[No Variations]"
Add component (AddParameter): Name = "Stock number"; Value = "not stored"; VariantName = "[No Variations]"
Add component (AddParameter): Name = "Supplier 1"; Value = "Mouser"; VariantName = "[No Variations]"
Add component (AddParameter): Name = "Supplier Part Number 1"; Value = "71-TNPW12062K00BEEA"; VariantName = "[No Variations]"
Add component (AddParameter): Name = "Tolerance"; Value = "0.1%"; VariantName = "[No Variations]"
Add component (AddParameter): Name = "Type"; Value = "Resistor"; VariantName = "[No Variations]"
Add component (AddParameter): Name = "Value"; Value = "2k"; VariantName = "[No Variations]"
Added Component: Designator=R20(RES 1206_3216)
Add component (AddParameter): Name = "Component Type"; Value = "SMD resistor"; VariantName = "[No Variations]"
Add component (AddParameter): Name = "ComponentLink1Description"; Value = "Datasheet"; VariantName = "[No Variations]"
Add component (AddParameter): Name = "ComponentLink1URL"; Value = "https://www.mouser.de/datasheet/2/315/AOA0000C307-1149632.pdf"; VariantName = "[No Variations]"
Add component (AddParameter): Name = "Created from"; Value = "TGaupp"; VariantName = "[No Variations]"
Add component (AddParameter): Name = "Created On"; Value = "08.08.2023 13:03:51"; VariantName = "[No Variations]"
Add component (AddParameter): Name = "Device Package"; Value = "1206"; VariantName = "[No Variations]"
Add component (AddParameter): Name = "Last Updated"; Value = "08.08.2023 13:03:51"; VariantName = "[No Variations]"
Add component (AddParameter): Name = "LCSC Part Number"; Value = "C2079586"; VariantName = "[No Variations]"
Add component (AddParameter): Name = "Live Cycle Status"; Value = "1"; VariantName = "[No Variations]"
Add component (AddParameter): Name = "Manufacturer"; Value = "Panasonic"; VariantName = "[No Variations]"
Add component (AddParameter): Name = "Manufacturer Part Number"; Value = "ERA-8AEB102V"; VariantName = "[No Variations]"
Add component (AddParameter): Name = "Mounting Type"; Value = "SMD"; VariantName = "[No Variations]"
Add component (AddParameter): Name = "PartID"; Value = "292"; VariantName = "[No Variations]"
Add component (AddParameter): Name = "Stock number"; Value = "not stored"; VariantName = "[No Variations]"
Add component (AddParameter): Name = "Supplier 1"; Value = "Mouser"; VariantName = "[No Variations]"
Add component (AddParameter): Name = "Supplier Part Number 1"; Value = "667-ERA-8AEB102V"; VariantName = "[No Variations]"
Add component (AddParameter): Name = "Tolerance"; Value = "0.1%"; VariantName = "[No Variations]"
Add component (AddParameter): Name = "Type"; Value = "Resistor"; VariantName = "[No Variations]"
Add component (AddParameter): Name = "Value"; Value = "1k"; VariantName = "[No Variations]"
Added Component: Designator=R21(RES 0603_1608)
Add component (AddParameter): Name = "Component Type"; Value = "SMD resistor"; VariantName = "[No Variations]"
Add component (AddParameter): Name = "ComponentLink1Description"; Value = "Datasheet"; VariantName = "[No Variations]"
Add component (AddParameter): Name = "ComponentLink1URL"; Value = "https://datasheet.lcsc.com/lcsc/2304140030_YAGEO-RC0603FR-0749R9L_C114625.pdf"; VariantName = "[No Variations]"
Add component (AddParameter): Name = "Created from"; Value = "AGeiger"; VariantName = "[No Variations]"
Add component (AddParameter): Name = "Created On"; Value = "14.06.2023 17:42:26"; VariantName = "[No Variations]"
Add component (AddParameter): Name = "Device Package"; Value = "0603"; VariantName = "[No Variations]"
Add component (AddParameter): Name = "Last Updated"; Value = "14.06.2023 17:42:26"; VariantName = "[No Variations]"
Add component (AddParameter): Name = "LCSC Part Number"; Value = "C114625"; VariantName = "[No Variations]"
Add component (AddParameter): Name = "Live Cycle Status"; Value = "1"; VariantName = "[No Variations]"
Add component (AddParameter): Name = "Manufacturer"; Value = "YAGEO"; VariantName = "[No Variations]"
Add component (AddParameter): Name = "Manufacturer Part Number"; Value = "RC0603FR-0749R9L"; VariantName = "[No Variations]"
Add component (AddParameter): Name = "Mounting Type"; Value = "SMD"; VariantName = "[No Variations]"
Add component (AddParameter): Name = "PartID"; Value = "277"; VariantName = "[No Variations]"
Add component (AddParameter): Name = "Supplier 1"; Value = "LCSC"; VariantName = "[No Variations]"
Add component (AddParameter): Name = "Supplier Part Number 1"; Value = "C114625"; VariantName = "[No Variations]"
Add component (AddParameter): Name = "Tolerance"; Value = "1%"; VariantName = "[No Variations]"
Add component (AddParameter): Name = "Type"; Value = "Resistor"; VariantName = "[No Variations]"
Add component (AddParameter): Name = "Value"; Value = "49R9"; VariantName = "[No Variations]"
Added Component: Designator=R22(RES 1206_3216)
Add component (AddParameter): Name = "Component Type"; Value = "SMD resistor"; VariantName = "[No Variations]"
Add component (AddParameter): Name = "ComponentLink1Description"; Value = "Datasheet"; VariantName = "[No Variations]"
Add component (AddParameter): Name = "ComponentLink1URL"; Value = "https://www.mouser.de/datasheet/2/392/n_catalog_partition24_en-948804.pdf"; VariantName = "[No Variations]"
Add component (AddParameter): Name = "Created from"; Value = "TGaupp"; VariantName = "[No Variations]"
Add component (AddParameter): Name = "Created On"; Value = "19.02.2024 11:56:49"; VariantName = "[No Variations]"
Add component (AddParameter): Name = "Device Package"; Value = "1206"; VariantName = "[No Variations]"
Add component (AddParameter): Name = "Last Updated"; Value = "19.02.2024 11:56:49"; VariantName = "[No Variations]"
Add component (AddParameter): Name = "Live Cycle Status"; Value = "1"; VariantName = "[No Variations]"
Add component (AddParameter): Name = "Manufacturer"; Value = "Susumu"; VariantName = "[No Variations]"
Add component (AddParameter): Name = "Manufacturer Part Number"; Value = "HRG3216Q-20R0-D-T1"; VariantName = "[No Variations]"
Add component (AddParameter): Name = "Mounting Type"; Value = "SMD"; VariantName = "[No Variations]"
Add component (AddParameter): Name = "PartID"; Value = "324"; VariantName = "[No Variations]"
Add component (AddParameter): Name = "Stock number"; Value = "not stored"; VariantName = "[No Variations]"
Add component (AddParameter): Name = "Supplier 1"; Value = "Mouser"; VariantName = "[No Variations]"
Add component (AddParameter): Name = "Supplier Part Number 1"; Value = "754-HRG3216Q20R0DT1"; VariantName = "[No Variations]"
Add component (AddParameter): Name = "Tolerance"; Value = "0.5%"; VariantName = "[No Variations]"
Add component (AddParameter): Name = "Type"; Value = "Resistor"; VariantName = "[No Variations]"
Add component (AddParameter): Name = "Value"; Value = "20R"; VariantName = "[No Variations]"
Added Component: Designator=R23(RES 1206_3216)
Add component (AddParameter): Name = "Component Type"; Value = "SMD resistor"; VariantName = "[No Variations]"
Add component (AddParameter): Name = "ComponentLink1Description"; Value = "Datasheet"; VariantName = "[No Variations]"
Add component (AddParameter): Name = "ComponentLink1URL"; Value = "https://www.mouser.de/datasheet/2/315/AOA0000C307-1149632.pdf"; VariantName = "[No Variations]"
Add component (AddParameter): Name = "Created from"; Value = "TGaupp"; VariantName = "[No Variations]"
Add component (AddParameter): Name = "Created On"; Value = "08.08.2023 13:03:51"; VariantName = "[No Variations]"
Add component (AddParameter): Name = "Device Package"; Value = "1206"; VariantName = "[No Variations]"
Add component (AddParameter): Name = "Last Updated"; Value = "08.08.2023 13:03:51"; VariantName = "[No Variations]"
Add component (AddParameter): Name = "LCSC Part Number"; Value = "C2079586"; VariantName = "[No Variations]"
Add component (AddParameter): Name = "Live Cycle Status"; Value = "1"; VariantName = "[No Variations]"
Add component (AddParameter): Name = "Manufacturer"; Value = "Panasonic"; VariantName = "[No Variations]"
Add component (AddParameter): Name = "Manufacturer Part Number"; Value = "ERA-8AEB102V"; VariantName = "[No Variations]"
Add component (AddParameter): Name = "Mounting Type"; Value = "SMD"; VariantName = "[No Variations]"
Add component (AddParameter): Name = "PartID"; Value = "292"; VariantName = "[No Variations]"
Add component (AddParameter): Name = "Stock number"; Value = "not stored"; VariantName = "[No Variations]"
Add component (AddParameter): Name = "Supplier 1"; Value = "Mouser"; VariantName = "[No Variations]"
Add component (AddParameter): Name = "Supplier Part Number 1"; Value = "667-ERA-8AEB102V"; VariantName = "[No Variations]"
Add component (AddParameter): Name = "Tolerance"; Value = "0.1%"; VariantName = "[No Variations]"
Add component (AddParameter): Name = "Type"; Value = "Resistor"; VariantName = "[No Variations]"
Add component (AddParameter): Name = "Value"; Value = "1k"; VariantName = "[No Variations]"
Added Component: Designator=R24(RES 0603_1608)
Add component (AddParameter): Name = "Component Type"; Value = "SMD resistor"; VariantName = "[No Variations]"
Add component (AddParameter): Name = "ComponentLink1Description"; Value = "Datasheet"; VariantName = "[No Variations]"
Add component (AddParameter): Name = "ComponentLink1URL"; Value = "https://datasheet.lcsc.com/lcsc/2304140030_YAGEO-RC0603FR-0749R9L_C114625.pdf"; VariantName = "[No Variations]"
Add component (AddParameter): Name = "Created from"; Value = "AGeiger"; VariantName = "[No Variations]"
Add component (AddParameter): Name = "Created On"; Value = "14.06.2023 17:42:26"; VariantName = "[No Variations]"
Add component (AddParameter): Name = "Device Package"; Value = "0603"; VariantName = "[No Variations]"
Add component (AddParameter): Name = "Last Updated"; Value = "14.06.2023 17:42:26"; VariantName = "[No Variations]"
Add component (AddParameter): Name = "LCSC Part Number"; Value = "C114625"; VariantName = "[No Variations]"
Add component (AddParameter): Name = "Live Cycle Status"; Value = "1"; VariantName = "[No Variations]"
Add component (AddParameter): Name = "Manufacturer"; Value = "YAGEO"; VariantName = "[No Variations]"
Add component (AddParameter): Name = "Manufacturer Part Number"; Value = "RC0603FR-0749R9L"; VariantName = "[No Variations]"
Add component (AddParameter): Name = "Mounting Type"; Value = "SMD"; VariantName = "[No Variations]"
Add component (AddParameter): Name = "PartID"; Value = "277"; VariantName = "[No Variations]"
Add component (AddParameter): Name = "Supplier 1"; Value = "LCSC"; VariantName = "[No Variations]"
Add component (AddParameter): Name = "Supplier Part Number 1"; Value = "C114625"; VariantName = "[No Variations]"
Add component (AddParameter): Name = "Tolerance"; Value = "1%"; VariantName = "[No Variations]"
Add component (AddParameter): Name = "Type"; Value = "Resistor"; VariantName = "[No Variations]"
Add component (AddParameter): Name = "Value"; Value = "49R9"; VariantName = "[No Variations]"
Added Component: Designator=R25(RES 1206_3216)
Add component (AddParameter): Name = "Component Type"; Value = "SMD resistor"; VariantName = "[No Variations]"
Add component (AddParameter): Name = "ComponentLink1Description"; Value = "Datasheet"; VariantName = "[No Variations]"
Add component (AddParameter): Name = "ComponentLink1URL"; Value = "https://www.vishay.com/docs/28758/tnpw_e3.pdf"; VariantName = "[No Variations]"
Add component (AddParameter): Name = "Created from"; Value = "TGaupp"; VariantName = "[No Variations]"
Add component (AddParameter): Name = "Created On"; Value = "12.02.2024 09:48:36"; VariantName = "[No Variations]"
Add component (AddParameter): Name = "Device Package"; Value = "1206"; VariantName = "[No Variations]"
Add component (AddParameter): Name = "Last Updated"; Value = "12.02.2024 09:48:36"; VariantName = "[No Variations]"
Add component (AddParameter): Name = "Live Cycle Status"; Value = "1"; VariantName = "[No Variations]"
Add component (AddParameter): Name = "Manufacturer"; Value = "Vishay"; VariantName = "[No Variations]"
Add component (AddParameter): Name = "Manufacturer Part Number"; Value = "TNPW12062K00BEEA"; VariantName = "[No Variations]"
Add component (AddParameter): Name = "Mounting Type"; Value = "SMD"; VariantName = "[No Variations]"
Add component (AddParameter): Name = "PartID"; Value = "323"; VariantName = "[No Variations]"
Add component (AddParameter): Name = "Stock number"; Value = "not stored"; VariantName = "[No Variations]"
Add component (AddParameter): Name = "Supplier 1"; Value = "Mouser"; VariantName = "[No Variations]"
Add component (AddParameter): Name = "Supplier Part Number 1"; Value = "71-TNPW12062K00BEEA"; VariantName = "[No Variations]"
Add component (AddParameter): Name = "Tolerance"; Value = "0.1%"; VariantName = "[No Variations]"
Add component (AddParameter): Name = "Type"; Value = "Resistor"; VariantName = "[No Variations]"
Add component (AddParameter): Name = "Value"; Value = "2k"; VariantName = "[No Variations]"
Added Component: Designator=Serial1(SERIAL_6.3X6.3MM)
Add component (AddParameter): Name = "Component Type"; Value = "Serial Number"; VariantName = "[No Variations]"
Add component (AddParameter): Name = "ComponentLink1Description"; Value = "https://docs.ultrazohm.com/"; VariantName = "[No Variations]"
Add component (AddParameter): Name = "ComponentLink1URL"; Value = "homepage"; VariantName = "[No Variations]"
Add component (AddParameter): Name = "Created"; Value = "2018_09_18_AGeiger"; VariantName = "[No Variations]"
Add component (AddParameter): Name = "Created from"; Value = "MGremer"; VariantName = "[No Variations]"
Add component (AddParameter): Name = "Created On"; Value = "03.11.2021 09:04:23"; VariantName = "[No Variations]"
Add component (AddParameter): Name = "Last Updated"; Value = "03.11.2021 09:28:34"; VariantName = "[No Variations]"
Add component (AddParameter): Name = "Live Cycle Status"; Value = "1"; VariantName = "[No Variations]"
Add component (AddParameter): Name = "Manufacturer"; Value = "UltraZohm"; VariantName = "[No Variations]"
Add component (AddParameter): Name = "Manufacturer Part Number"; Value = "Serial Number"; VariantName = "[No Variations]"
Add component (AddParameter): Name = "PartID"; Value = "11"; VariantName = "[No Variations]"
Add component (AddParameter): Name = "Supplier 1"; Value = "-"; VariantName = "[No Variations]"
Add component (AddParameter): Name = "Supplier Part Number 1"; Value = "-"; VariantName = "[No Variations]"
Add component (AddParameter): Name = "Type"; Value = "Serial Number"; VariantName = "[No Variations]"
Add component (AddParameter): Name = "Value"; Value = "REV"; VariantName = "[No Variations]"
Added Component: Designator=X1(IPL1-108-01-L-D-RA-K)
Add component (AddParameter): Name = "Component Type"; Value = "Samtec Connector"; VariantName = "[No Variations]"
Add component (AddParameter): Name = "ComponentLink1Description"; Value = "Homepage"; VariantName = "[No Variations]"
Add component (AddParameter): Name = "ComponentLink1URL"; Value = "https://www.samtec.com/products/ipl1"; VariantName = "[No Variations]"
Add component (AddParameter): Name = "Created from"; Value = "MGremer"; VariantName = "[No Variations]"
Add component (AddParameter): Name = "Created On"; Value = "30.11.2020 10:36:28"; VariantName = "[No Variations]"
Add component (AddParameter): Name = "Device Package"; Value = "Connector"; VariantName = "[No Variations]"
Add component (AddParameter): Name = "Last Updated"; Value = "15.02.2021 09:17:39"; VariantName = "[No Variations]"
Add component (AddParameter): Name = "Live Cycle Status"; Value = "1"; VariantName = "[No Variations]"
Add component (AddParameter): Name = "Manufacturer"; Value = "SAMTEC"; VariantName = "[No Variations]"
Add component (AddParameter): Name = "Manufacturer Part Number"; Value = "IPL1-108-01-L-D-RA-K"; VariantName = "[No Variations]"
Add component (AddParameter): Name = "Mounting Type"; Value = "THT"; VariantName = "[No Variations]"
Add component (AddParameter): Name = "Number of positions"; Value = "8"; VariantName = "[No Variations]"
Add component (AddParameter): Name = "Number of rows"; Value = "2"; VariantName = "[No Variations]"
Add component (AddParameter): Name = "PartID"; Value = "17"; VariantName = "[No Variations]"
Add component (AddParameter): Name = "Stock number"; Value = "not stored"; VariantName = "[No Variations]"
Add component (AddParameter): Name = "Supplier 1"; Value = "SAMTEC"; VariantName = "[No Variations]"
Add component (AddParameter): Name = "Supplier Part Number 1"; Value = "IPL1-108-01-L-D-RA-K"; VariantName = "[No Variations]"
Add component (AddParameter): Name = "Type"; Value = "Connector"; VariantName = "[No Variations]"
Added Pin To Net: NetName=+5V_LV Pin=C2-1
Added Pin To Net: NetName=+5V_LV Pin=C15-1
Added Pin To Net: NetName=+5V_LV Pin=D1-1
Added Pin To Net: NetName=+5V_LV Pin=D3-1
Added Pin To Net: NetName=+5V_LV Pin=IC1-3
Added Pin To Net: NetName=+5V_LV Pin=IC1-7
Added Pin To Net: NetName=+5V_LV Pin=IC2-3
Added Pin To Net: NetName=+5V_LV Pin=IC2-7
Added Net: Name=+5V_LV
Added Pin To Net: NetName=+5V Pin=R13-1
Added Pin To Net: NetName=+5V Pin=R14-2
Added Net: Name=+5V
Added Pin To Net: NetName=+15V Pin=C5-2
Added Pin To Net: NetName=+15V Pin=C6-2
Added Pin To Net: NetName=+15V Pin=C7-2
Added Pin To Net: NetName=+15V Pin=J2-9
Added Pin To Net: NetName=+15V Pin=J3-9
Added Pin To Net: NetName=+15V Pin=PS1-8
Added Pin To Net: NetName=+15V Pin=R12-2
Added Net: Name=+15V
Added Pin To Net: NetName=-5V_LV Pin=D2-2
Added Pin To Net: NetName=-5V_LV Pin=D4-2
Added Pin To Net: NetName=-5V_LV Pin=IC1-6
Added Pin To Net: NetName=-5V_LV Pin=IC2-6
Added Net: Name=-5V_LV
Added Pin To Net: NetName=-5V Pin=R16-1
Added Pin To Net: NetName=-5V Pin=R17-2
Added Net: Name=-5V
Added Pin To Net: NetName=-15V Pin=C8-1
Added Pin To Net: NetName=-15V Pin=C9-1
Added Pin To Net: NetName=-15V Pin=C10-1
Added Pin To Net: NetName=-15V Pin=J2-5
Added Pin To Net: NetName=-15V Pin=J3-5
Added Pin To Net: NetName=-15V Pin=PS1-10
Added Pin To Net: NetName=-15V Pin=R15-2
Added Net: Name=-15V
Added Pin To Net: NetName=24V_IN Pin=C11-1
Added Pin To Net: NetName=24V_IN Pin=C12-1
Added Pin To Net: NetName=24V_IN Pin=C13-1
Added Pin To Net: NetName=24V_IN Pin=J6-1
Added Pin To Net: NetName=24V_IN Pin=PS1-1
Added Pin To Net: NetName=24V_IN Pin=X1-1
Added Pin To Net: NetName=24V_IN Pin=X1-9
Added Net: Name=24V_IN
Added Pin To Net: NetName=GND_IN Pin=C11-2
Added Pin To Net: NetName=GND_IN Pin=C12-2
Added Pin To Net: NetName=GND_IN Pin=C13-2
Added Pin To Net: NetName=GND_IN Pin=J7-1
Added Pin To Net: NetName=GND_IN Pin=PS1-14
Added Pin To Net: NetName=GND_IN Pin=X1-2
Added Pin To Net: NetName=GND_IN Pin=X1-10
Added Net: Name=GND_IN
Added Pin To Net: NetName=GND Pin=C2-2
Added Pin To Net: NetName=GND Pin=C3-1
Added Pin To Net: NetName=GND Pin=C5-1
Added Pin To Net: NetName=GND Pin=C6-1
Added Pin To Net: NetName=GND Pin=C7-1
Added Pin To Net: NetName=GND Pin=C8-2
Added Pin To Net: NetName=GND Pin=C9-2
Added Pin To Net: NetName=GND Pin=C10-2
Added Pin To Net: NetName=GND Pin=C15-2
Added Pin To Net: NetName=GND Pin=C16-1
Added Pin To Net: NetName=GND Pin=J2-4
Added Pin To Net: NetName=GND Pin=J3-4
Added Pin To Net: NetName=GND Pin=PS1-9
Added Pin To Net: NetName=GND Pin=R8-1
Added Pin To Net: NetName=GND Pin=R9-1
Added Pin To Net: NetName=GND Pin=R10-1
Added Pin To Net: NetName=GND Pin=R11-1
Added Pin To Net: NetName=GND Pin=R14-1
Added Pin To Net: NetName=GND Pin=R17-1
Added Pin To Net: NetName=GND Pin=R18-1
Added Net: Name=GND
Added Pin To Net: NetName=NetC1_1 Pin=C1-1
Added Pin To Net: NetName=NetC1_1 Pin=IC1-8
Added Pin To Net: NetName=NetC1_1 Pin=R1-1
Added Pin To Net: NetName=NetC1_1 Pin=R2-2
Added Net: Name=NetC1_1
Added Pin To Net: NetName=NetC1_2 Pin=C1-2
Added Pin To Net: NetName=NetC1_2 Pin=IC1-5
Added Pin To Net: NetName=NetC1_2 Pin=R1-2
Added Pin To Net: NetName=NetC1_2 Pin=R3-1
Added Net: Name=NetC1_2
Added Pin To Net: NetName=NetC3_2 Pin=C3-2
Added Pin To Net: NetName=NetC3_2 Pin=IC1-2
Added Net: Name=NetC3_2
Added Pin To Net: NetName=NetC4_1 Pin=C4-1
Added Pin To Net: NetName=NetC4_1 Pin=IC1-1
Added Pin To Net: NetName=NetC4_1 Pin=R4-2
Added Pin To Net: NetName=NetC4_1 Pin=R6-1
Added Net: Name=NetC4_1
Added Pin To Net: NetName=NetC4_2 Pin=C4-2
Added Pin To Net: NetName=NetC4_2 Pin=IC1-4
Added Pin To Net: NetName=NetC4_2 Pin=R5-1
Added Pin To Net: NetName=NetC4_2 Pin=R6-2
Added Net: Name=NetC4_2
Added Pin To Net: NetName=NetC14_1 Pin=C14-1
Added Pin To Net: NetName=NetC14_1 Pin=IC2-8
Added Pin To Net: NetName=NetC14_1 Pin=R19-1
Added Pin To Net: NetName=NetC14_1 Pin=R20-2
Added Net: Name=NetC14_1
Added Pin To Net: NetName=NetC14_2 Pin=C14-2
Added Pin To Net: NetName=NetC14_2 Pin=IC2-5
Added Pin To Net: NetName=NetC14_2 Pin=R19-2
Added Pin To Net: NetName=NetC14_2 Pin=R21-1
Added Net: Name=NetC14_2
Added Pin To Net: NetName=NetC16_2 Pin=C16-2
Added Pin To Net: NetName=NetC16_2 Pin=IC2-2
Added Net: Name=NetC16_2
Added Pin To Net: NetName=NetC17_1 Pin=C17-1
Added Pin To Net: NetName=NetC17_1 Pin=IC2-1
Added Pin To Net: NetName=NetC17_1 Pin=R23-2
Added Pin To Net: NetName=NetC17_1 Pin=R25-1
Added Net: Name=NetC17_1
Added Pin To Net: NetName=NetC17_2 Pin=C17-2
Added Pin To Net: NetName=NetC17_2 Pin=IC2-4
Added Pin To Net: NetName=NetC17_2 Pin=R24-1
Added Pin To Net: NetName=NetC17_2 Pin=R25-2
Added Net: Name=NetC17_2
Added Pin To Net: NetName=NetD1_2 Pin=D1-2
Added Pin To Net: NetName=NetD1_2 Pin=D2-1
Added Pin To Net: NetName=NetD1_2 Pin=J2-6
Added Pin To Net: NetName=NetD1_2 Pin=R2-1
Added Pin To Net: NetName=NetD1_2 Pin=R7-2
Added Net: Name=NetD1_2
Added Pin To Net: NetName=NetD3_2 Pin=D3-2
Added Pin To Net: NetName=NetD3_2 Pin=D4-1
Added Pin To Net: NetName=NetD3_2 Pin=J2-1
Added Pin To Net: NetName=NetD3_2 Pin=R4-1
Added Pin To Net: NetName=NetD3_2 Pin=R7-1
Added Net: Name=NetD3_2
Added Pin To Net: NetName=NetJ1_Shell Pin=J1-Shell
Added Pin To Net: NetName=NetJ1_Shell Pin=J1-Shell
Added Pin To Net: NetName=NetJ1_Shell Pin=R18-2
Added Net: Name=NetJ1_Shell
Added Pin To Net: NetName=NetJ2_10 Pin=R8-2
Added Net: Name=NetJ2_10
Added Pin To Net: NetName=NetJ3_1 Pin=J3-1
Added Pin To Net: NetName=NetJ3_1 Pin=R22-1
Added Pin To Net: NetName=NetJ3_1 Pin=R23-1
Added Net: Name=NetJ3_1
Added Pin To Net: NetName=NetJ3_6 Pin=J3-6
Added Pin To Net: NetName=NetJ3_6 Pin=R20-1
Added Pin To Net: NetName=NetJ3_6 Pin=R22-2
Added Net: Name=NetJ3_6
Added Pin To Net: NetName=NetJ3_10 Pin=R9-2
Added Net: Name=NetJ3_10
Added Pin To Net: NetName=NetJ4_10 Pin=R10-2
Added Net: Name=NetJ4_10
Added Pin To Net: NetName=NetJ5_10 Pin=R11-2
Added Net: Name=NetJ5_10
Added Pin To Net: NetName=NetR12_1 Pin=R12-1
Added Pin To Net: NetName=NetR12_1 Pin=R13-2
Added Net: Name=NetR12_1
Added Pin To Net: NetName=NetR15_1 Pin=R15-1
Added Pin To Net: NetName=NetR15_1 Pin=R16-2
Added Net: Name=NetR15_1
Added Pin To Net: NetName=V_OUT_N Pin=J1-6
Added Pin To Net: NetName=V_OUT_N Pin=R21-2
Added Net: Name=V_OUT_N
Added Pin To Net: NetName=V_OUT_P Pin=J1-3
Added Pin To Net: NetName=V_OUT_P Pin=R24-2
Added Net: Name=V_OUT_P
Added Pin To Net: NetName=V_Spannung_N Pin=J1-7
Added Pin To Net: NetName=V_Spannung_N Pin=J5-6
Added Net: Name=V_Spannung_N
Added Pin To Net: NetName=V_Spannung_P Pin=J1-8
Added Pin To Net: NetName=V_Spannung_P Pin=J5-1
Added Net: Name=V_Spannung_P
Added Pin To Net: NetName=V_Strom_1_N Pin=J1-2
Added Pin To Net: NetName=V_Strom_1_N Pin=R3-2
Added Net: Name=V_Strom_1_N
Added Pin To Net: NetName=V_Strom_1_P Pin=J1-1
Added Pin To Net: NetName=V_Strom_1_P Pin=R5-2
Added Net: Name=V_Strom_1_P
Added Class: Name=Power Supply
Added Class: Name=Signal Conditioning
Add Class: Class already exists: Signal Conditioning
Added Class: Name=TopSheet
Added Differential Pair: Name=V_OUT
Added Differential Pair: Name=V_Strom_1
